project,experiment_name,experiment_key,metric,comet_metric,top_k,step,value,timestamp,download_source
logic-circuit-ablation-half-risk,Logic_Circuit_Ablation_Half_Risk_2026-05-28 12:53:16,65758f47b64841c09039a94ceb044d59,Loss: Top-K Average,Loss: Top-640 Average,640,0,0.5472146272659302,1779965707418,get_metrics
logic-circuit-ablation-half-risk,Logic_Circuit_Ablation_Half_Risk_2026-05-28 12:53:16,65758f47b64841c09039a94ceb044d59,Loss: Top-K Average,Loss: Top-640 Average,640,1,0.6065706610679626,1779965791853,get_metrics
logic-circuit-ablation-half-risk,Logic_Circuit_Ablation_Half_Risk_2026-05-28 12:53:16,65758f47b64841c09039a94ceb044d59,Loss: Top-K Average,Loss: Top-640 Average,640,2,0.4984105229377746,1779965849861,get_metrics
logic-circuit-ablation-half-risk,Logic_Circuit_Ablation_Half_Risk_2026-05-28 12:53:16,65758f47b64841c09039a94ceb044d59,Loss: Top-K Average,Loss: Top-640 Average,640,3,0.510875403881073,1779965924350,get_metrics
logic-circuit-ablation-half-risk,Logic_Circuit_Ablation_Half_Risk_2026-05-28 12:53:16,65758f47b64841c09039a94ceb044d59,Loss: Top-K Average,Loss: Top-640 Average,640,4,0.5135208368301392,1779966015901,get_metrics
logic-circuit-ablation-half-risk,Logic_Circuit_Ablation_Half_Risk_2026-05-28 12:53:16,65758f47b64841c09039a94ceb044d59,Loss: Top-K Average,Loss: Top-640 Average,640,5,0.484837919473648,1779966101154,get_metrics
logic-circuit-ablation-half-risk,Logic_Circuit_Ablation_Half_Risk_2026-05-28 12:53:16,65758f47b64841c09039a94ceb044d59,Loss: Top-K Average,Loss: Top-640 Average,640,6,0.4872871339321136,1779966204282,get_metrics
logic-circuit-ablation-half-risk,Logic_Circuit_Ablation_Half_Risk_2026-05-28 12:53:16,65758f47b64841c09039a94ceb044d59,Loss: Top-K Average,Loss: Top-640 Average,640,7,0.4947473108768463,1779966265022,get_metrics
logic-circuit-ablation-half-risk,Logic_Circuit_Ablation_Half_Risk_2026-05-28 12:53:16,65758f47b64841c09039a94ceb044d59,Loss: Top-K Average,Loss: Top-640 Average,640,8,0.4683681428432464,1779966335733,get_metrics
logic-circuit-ablation-half-risk,Logic_Circuit_Ablation_Half_Risk_2026-05-28 12:53:16,65758f47b64841c09039a94ceb044d59,Loss: Top-K Average,Loss: Top-640 Average,640,9,0.4696267247200012,1779966419533,get_metrics
logic-circuit-ablation-half-risk,Logic_Circuit_Ablation_Half_Risk_2026-05-28 12:53:16,65758f47b64841c09039a94ceb044d59,Loss: Top-K Average,Loss: Top-640 Average,640,10,0.4580172002315521,1779966524420,get_metrics
logic-circuit-ablation-half-risk,Logic_Circuit_Ablation_Half_Risk_2026-05-28 12:53:16,65758f47b64841c09039a94ceb044d59,Loss: Top-K Average,Loss: Top-640 Average,640,11,0.4631272256374359,1779966632987,get_metrics
logic-circuit-ablation-half-risk,Logic_Circuit_Ablation_Half_Risk_2026-05-28 12:53:16,65758f47b64841c09039a94ceb044d59,Loss: Top-K Average,Loss: Top-640 Average,640,12,0.4623063206672668,1779966694818,get_metrics
logic-circuit-ablation-half-risk,Logic_Circuit_Ablation_Half_Risk_2026-05-28 12:53:16,65758f47b64841c09039a94ceb044d59,Loss: Top-K Average,Loss: Top-640 Average,640,13,0.4620718955993652,1779966760500,get_metrics
logic-circuit-ablation-half-risk,Logic_Circuit_Ablation_Half_Risk_2026-05-28 12:53:16,65758f47b64841c09039a94ceb044d59,Loss: Top-K Average,Loss: Top-640 Average,640,14,0.4594772458076477,1779966851164,get_metrics
logic-circuit-ablation-half-risk,Logic_Circuit_Ablation_Half_Risk_2026-05-28 12:53:16,65758f47b64841c09039a94ceb044d59,Loss: Top-K Average,Loss: Top-640 Average,640,15,0.4573781490325928,1779966952049,get_metrics
logic-circuit-ablation-half-risk,Logic_Circuit_Ablation_Half_Risk_2026-05-28 12:53:16,65758f47b64841c09039a94ceb044d59,Loss: Top-K Average,Loss: Top-640 Average,640,16,0.4494358599185943,1779967063444,get_metrics
logic-circuit-ablation-half-risk,Logic_Circuit_Ablation_Half_Risk_2026-05-28 12:53:16,65758f47b64841c09039a94ceb044d59,Loss: Top-K Average,Loss: Top-640 Average,640,17,0.4515488147735595,1779967126735,get_metrics
logic-circuit-ablation-half-risk,Logic_Circuit_Ablation_Half_Risk_2026-05-28 12:53:16,65758f47b64841c09039a94ceb044d59,Loss: Top-K Average,Loss: Top-640 Average,640,18,0.4461310505867004,1779967191547,get_metrics
logic-circuit-ablation-half-risk,Logic_Circuit_Ablation_Half_Risk_2026-05-28 12:53:16,65758f47b64841c09039a94ceb044d59,Loss: Top-K Average,Loss: Top-640 Average,640,19,0.4390087723731994,1779967281375,get_metrics
logic-circuit-ablation-half-risk,Logic_Circuit_Ablation_Half_Risk_2026-05-28 12:53:16,65758f47b64841c09039a94ceb044d59,Loss: Top-K Average,Loss: Top-640 Average,640,20,0.4308981001377105,1779967382759,get_metrics
logic-circuit-ablation-half-risk,Logic_Circuit_Ablation_Half_Risk_2026-05-28 12:53:16,65758f47b64841c09039a94ceb044d59,Loss: Top-K Average,Loss: Top-640 Average,640,21,0.4281185269355774,1779967494854,get_metrics
logic-circuit-ablation-half-risk,Logic_Circuit_Ablation_Half_Risk_2026-05-28 12:53:16,65758f47b64841c09039a94ceb044d59,Loss: Top-K Average,Loss: Top-640 Average,640,22,0.4148821532726288,1779967559306,get_metrics
logic-circuit-ablation-half-risk,Logic_Circuit_Ablation_Half_Risk_2026-05-28 12:53:16,65758f47b64841c09039a94ceb044d59,Loss: Top-K Average,Loss: Top-640 Average,640,23,0.3992771804332733,1779967625900,get_metrics
logic-circuit-ablation-half-risk,Logic_Circuit_Ablation_Half_Risk_2026-05-28 12:53:16,65758f47b64841c09039a94ceb044d59,Loss: Top-K Average,Loss: Top-640 Average,640,24,0.3762534260749817,1779967713127,get_metrics
logic-circuit-ablation-half-risk,Logic_Circuit_Ablation_Half_Risk_2026-05-28 12:53:16,65758f47b64841c09039a94ceb044d59,Loss: Top-K Average,Loss: Top-640 Average,640,25,0.3657472729682922,1779967816383,get_metrics
logic-circuit-ablation-half-risk,Logic_Circuit_Ablation_Half_Risk_2026-05-28 12:53:16,65758f47b64841c09039a94ceb044d59,Loss: Top-K Average,Loss: Top-640 Average,640,26,0.3396987318992615,1779967925024,get_metrics
logic-circuit-ablation-half-risk,Logic_Circuit_Ablation_Half_Risk_2026-05-28 12:53:16,65758f47b64841c09039a94ceb044d59,Loss: Top-K Average,Loss: Top-640 Average,640,27,0.3251934647560119,1779967987032,get_metrics
logic-circuit-ablation-half-risk,Logic_Circuit_Ablation_Half_Risk_2026-05-28 12:53:16,65758f47b64841c09039a94ceb044d59,Loss: Top-K Average,Loss: Top-640 Average,640,28,0.2974921762943268,1779968052490,get_metrics
logic-circuit-ablation-half-risk,Logic_Circuit_Ablation_Half_Risk_2026-05-28 12:53:16,65758f47b64841c09039a94ceb044d59,Loss: Top-K Average,Loss: Top-640 Average,640,29,0.2686376571655273,1779968143096,get_metrics
logic-circuit-ablation-half-risk,Logic_Circuit_Ablation_Half_Risk_2026-05-28 12:53:16,65758f47b64841c09039a94ceb044d59,Loss: Top-K Average,Loss: Top-640 Average,640,30,0.2488700896501541,1779968238441,get_metrics
logic-circuit-ablation-half-risk,Logic_Circuit_Ablation_Half_Risk_2026-05-28 12:53:16,65758f47b64841c09039a94ceb044d59,Loss: Top-K Average,Loss: Top-640 Average,640,31,0.2322708815336227,1779968352935,get_metrics
logic-circuit-ablation-half-risk,Logic_Circuit_Ablation_Half_Risk_2026-05-28 12:53:16,65758f47b64841c09039a94ceb044d59,Loss: Top-K Average,Loss: Top-640 Average,640,32,0.2114398926496505,1779968415442,get_metrics
logic-circuit-ablation-half-risk,Logic_Circuit_Ablation_Half_Risk_2026-05-28 12:53:16,65758f47b64841c09039a94ceb044d59,Loss: Top-K Average,Loss: Top-640 Average,640,33,0.2029570639133453,1779968484197,get_metrics
logic-circuit-ablation-half-risk,Logic_Circuit_Ablation_Half_Risk_2026-05-28 12:53:16,65758f47b64841c09039a94ceb044d59,Loss: Top-K Average,Loss: Top-640 Average,640,34,0.1796444207429886,1779968571731,get_metrics
logic-circuit-ablation-half-risk,Logic_Circuit_Ablation_Half_Risk_2026-05-28 12:53:16,65758f47b64841c09039a94ceb044d59,Loss: Top-K Average,Loss: Top-640 Average,640,35,0.1772187054157257,1779968677587,get_metrics
logic-circuit-ablation-half-risk,Logic_Circuit_Ablation_Half_Risk_2026-05-28 12:53:16,65758f47b64841c09039a94ceb044d59,Loss: Top-K Average,Loss: Top-640 Average,640,36,0.1663917899131775,1779968781292,get_metrics
logic-circuit-ablation-half-risk,Logic_Circuit_Ablation_Half_Risk_2026-05-28 12:53:16,65758f47b64841c09039a94ceb044d59,Loss: Top-K Average,Loss: Top-640 Average,640,37,0.1584538072347641,1779968844068,get_metrics
logic-circuit-ablation-half-risk,Logic_Circuit_Ablation_Half_Risk_2026-05-28 12:53:16,65758f47b64841c09039a94ceb044d59,Loss: Top-K Average,Loss: Top-640 Average,640,38,0.160304307937622,1779968916348,get_metrics
logic-circuit-ablation-half-risk,Logic_Circuit_Ablation_Half_Risk_2026-05-28 12:53:16,65758f47b64841c09039a94ceb044d59,Loss: Top-K Average,Loss: Top-640 Average,640,39,0.1468962877988815,1779969000281,get_metrics
logic-circuit-ablation-half-risk,Logic_Circuit_Ablation_Half_Risk_2026-05-28 12:53:16,65758f47b64841c09039a94ceb044d59,Loss: Top-K Average,Loss: Top-640 Average,640,40,0.1367832273244857,1779969102496,get_metrics
logic-circuit-ablation-half-risk,Logic_Circuit_Ablation_Half_Risk_2026-05-28 12:53:16,65758f47b64841c09039a94ceb044d59,Loss: Top-K Average,Loss: Top-640 Average,640,41,0.1325010359287262,1779969205609,get_metrics
logic-circuit-ablation-half-risk,Logic_Circuit_Ablation_Half_Risk_2026-05-28 12:53:16,65758f47b64841c09039a94ceb044d59,Loss: Top-K Average,Loss: Top-640 Average,640,42,0.1277433484792709,1779969269212,get_metrics
logic-circuit-ablation-half-risk,Logic_Circuit_Ablation_Half_Risk_2026-05-28 12:53:16,65758f47b64841c09039a94ceb044d59,Loss: Top-K Average,Loss: Top-640 Average,640,43,0.1232403293251991,1779969344829,get_metrics
logic-circuit-ablation-half-risk,Logic_Circuit_Ablation_Half_Risk_2026-05-28 12:53:16,65758f47b64841c09039a94ceb044d59,Loss: Top-K Average,Loss: Top-640 Average,640,44,0.1114687919616699,1779969427615,get_metrics
logic-circuit-ablation-half-risk,Logic_Circuit_Ablation_Half_Risk_2026-05-28 12:53:16,65758f47b64841c09039a94ceb044d59,Loss: Top-K Average,Loss: Top-640 Average,640,45,0.1125910207629203,1779969509060,get_metrics
logic-circuit-ablation-half-risk,Logic_Circuit_Ablation_Half_Risk_2026-05-28 12:53:16,65758f47b64841c09039a94ceb044d59,Loss: Top-K Average,Loss: Top-640 Average,640,46,0.101845696568489,1779969611666,get_metrics
logic-circuit-ablation-half-risk,Logic_Circuit_Ablation_Half_Risk_2026-05-28 12:53:16,65758f47b64841c09039a94ceb044d59,Loss: Top-K Average,Loss: Top-640 Average,640,47,0.0938044413924217,1779969675183,get_metrics
logic-circuit-ablation-half-risk,Logic_Circuit_Ablation_Half_Risk_2026-05-28 12:53:16,65758f47b64841c09039a94ceb044d59,Loss: Top-K Average,Loss: Top-640 Average,640,48,0.0916307941079139,1779969750917,get_metrics
logic-circuit-ablation-half-risk,Logic_Circuit_Ablation_Half_Risk_2026-05-28 12:53:16,65758f47b64841c09039a94ceb044d59,Loss: Top-K Average,Loss: Top-640 Average,640,49,0.0862402021884918,1779969845679,get_metrics
logic-circuit-ablation-half-risk,Logic_Circuit_Ablation_Half_Risk_2026-05-28 12:53:16,65758f47b64841c09039a94ceb044d59,Loss: Top-K Average,Loss: Top-640 Average,640,50,0.0880403816699981,1779969946058,get_metrics
logic-circuit-ablation-half-risk,Logic_Circuit_Ablation_Half_Risk_2026-05-28 12:53:16,65758f47b64841c09039a94ceb044d59,Loss: Top-K Average,Loss: Top-640 Average,640,51,0.0832008719444274,1779970033104,get_metrics
logic-circuit-ablation-half-risk,Logic_Circuit_Ablation_Half_Risk_2026-05-28 12:53:16,65758f47b64841c09039a94ceb044d59,Loss: Top-K Average,Loss: Top-640 Average,640,52,0.0808902233839035,1779970096464,get_metrics
logic-circuit-ablation-half-risk,Logic_Circuit_Ablation_Half_Risk_2026-05-28 12:53:16,65758f47b64841c09039a94ceb044d59,Loss: Top-K Average,Loss: Top-640 Average,640,53,0.0809556767344474,1779970193946,get_metrics
logic-circuit-ablation-half-risk,Logic_Circuit_Ablation_Half_Risk_2026-05-28 12:53:16,65758f47b64841c09039a94ceb044d59,Loss: Top-K Average,Loss: Top-640 Average,640,54,0.0819277316331863,1779970275910,get_metrics
logic-circuit-ablation-half-risk,Logic_Circuit_Ablation_Half_Risk_2026-05-28 12:53:16,65758f47b64841c09039a94ceb044d59,Loss: Top-K Average,Loss: Top-640 Average,640,55,0.0827546417713165,1779970358112,get_metrics
logic-circuit-ablation-half-risk,Logic_Circuit_Ablation_Half_Risk_2026-05-28 12:53:16,65758f47b64841c09039a94ceb044d59,Loss: Top-K Average,Loss: Top-640 Average,640,56,0.0823938176035881,1779970443439,get_metrics
logic-circuit-ablation-half-risk,Logic_Circuit_Ablation_Half_Risk_2026-05-28 12:53:16,65758f47b64841c09039a94ceb044d59,Loss: Top-K Average,Loss: Top-640 Average,640,57,0.0817848816514015,1779970504817,get_metrics
logic-circuit-ablation-half-risk,Logic_Circuit_Ablation_Half_Risk_2026-05-28 12:53:16,65758f47b64841c09039a94ceb044d59,Loss: Top-K Average,Loss: Top-640 Average,640,58,0.083558589220047,1779970601968,get_metrics
logic-circuit-ablation-half-risk,Logic_Circuit_Ablation_Half_Risk_2026-05-28 12:53:16,65758f47b64841c09039a94ceb044d59,Loss: Top-K Average,Loss: Top-640 Average,640,59,0.0785281285643577,1779970691926,get_metrics
logic-circuit-ablation-half-risk,Logic_Circuit_Ablation_Half_Risk_2026-05-28 12:53:16,65758f47b64841c09039a94ceb044d59,Loss: Top-K Average,Loss: Top-640 Average,640,60,0.0797038525342941,1779970770182,get_metrics
logic-circuit-ablation-half-risk,Logic_Circuit_Ablation_Half_Risk_2026-05-28 12:53:16,65758f47b64841c09039a94ceb044d59,Loss: Top-K Average,Loss: Top-640 Average,640,61,0.0788641795516014,1779970855920,get_metrics
logic-circuit-ablation-half-risk,Logic_Circuit_Ablation_Half_Risk_2026-05-28 12:53:16,65758f47b64841c09039a94ceb044d59,Loss: Top-K Average,Loss: Top-640 Average,640,62,0.0791153609752655,1779970918936,get_metrics
logic-circuit-ablation-half-risk,Logic_Circuit_Ablation_Half_Risk_2026-05-28 12:53:16,65758f47b64841c09039a94ceb044d59,Loss: Top-K Average,Loss: Top-640 Average,640,63,0.0784462839365005,1779971004568,get_metrics
logic-circuit-ablation-half-risk,Logic_Circuit_Ablation_Half_Risk_2026-05-28 12:53:16,65758f47b64841c09039a94ceb044d59,Loss: Top-K Average,Loss: Top-640 Average,640,64,0.0772513970732688,1779971102978,get_metrics
logic-circuit-ablation-half-risk,Logic_Circuit_Ablation_Half_Risk_2026-05-28 12:53:16,65758f47b64841c09039a94ceb044d59,Loss: Top-K Average,Loss: Top-640 Average,640,65,0.0779052749276161,1779971185579,get_metrics
logic-circuit-ablation-half-risk,Logic_Circuit_Ablation_Half_Risk_2026-05-28 12:53:16,65758f47b64841c09039a94ceb044d59,Loss: Top-K Average,Loss: Top-640 Average,640,66,0.0779962986707687,1779971271493,get_metrics
logic-circuit-ablation-half-risk,Logic_Circuit_Ablation_Half_Risk_2026-05-28 12:53:16,65758f47b64841c09039a94ceb044d59,Loss: Top-K Average,Loss: Top-640 Average,640,67,0.072623886168003,1779971346720,get_metrics
logic-circuit-ablation-half-risk,Logic_Circuit_Ablation_Half_Risk_2026-05-28 12:53:16,65758f47b64841c09039a94ceb044d59,Loss: Top-K Average,Loss: Top-640 Average,640,68,0.0722100362181663,1779971443736,get_metrics
logic-circuit-ablation-half-risk,Logic_Circuit_Ablation_Half_Risk_2026-05-28 12:53:16,65758f47b64841c09039a94ceb044d59,Loss: Top-K Average,Loss: Top-640 Average,640,69,0.0706951767206192,1779971521297,get_metrics
logic-circuit-ablation-half-risk,Logic_Circuit_Ablation_Half_Risk_2026-05-28 12:53:16,65758f47b64841c09039a94ceb044d59,Loss: Top-K Average,Loss: Top-640 Average,640,70,0.0689796134829521,1779971596290,get_metrics
logic-circuit-ablation-half-risk,Logic_Circuit_Ablation_Half_Risk_2026-05-28 12:53:16,65758f47b64841c09039a94ceb044d59,Loss: Top-K Average,Loss: Top-640 Average,640,71,0.0669576674699783,1779971680976,get_metrics
logic-circuit-ablation-half-risk,Logic_Circuit_Ablation_Half_Risk_2026-05-28 12:53:16,65758f47b64841c09039a94ceb044d59,Loss: Top-K Average,Loss: Top-640 Average,640,72,0.0634661540389061,1779971755731,get_metrics
logic-circuit-ablation-half-risk,Logic_Circuit_Ablation_Half_Risk_2026-05-28 12:53:16,65758f47b64841c09039a94ceb044d59,Loss: Top-K Average,Loss: Top-640 Average,640,73,0.0635875985026359,1779971848285,get_metrics
logic-circuit-ablation-half-risk,Logic_Circuit_Ablation_Half_Risk_2026-05-28 12:53:16,65758f47b64841c09039a94ceb044d59,Loss: Top-K Average,Loss: Top-640 Average,640,74,0.0571436695754528,1779971946368,get_metrics
logic-circuit-ablation-half-risk,Logic_Circuit_Ablation_Half_Risk_2026-05-28 12:53:16,65758f47b64841c09039a94ceb044d59,Loss: Top-K Average,Loss: Top-640 Average,640,75,0.053846001625061,1779972006957,get_metrics
logic-circuit-ablation-half-risk,Logic_Circuit_Ablation_Half_Risk_2026-05-28 12:53:16,65758f47b64841c09039a94ceb044d59,Loss: Top-K Average,Loss: Top-640 Average,640,76,0.0508942008018493,1779972093058,get_metrics
logic-circuit-ablation-half-risk,Logic_Circuit_Ablation_Half_Risk_2026-05-28 12:53:16,65758f47b64841c09039a94ceb044d59,Loss: Top-K Average,Loss: Top-640 Average,640,77,0.0482658110558986,1779972186209,get_metrics
logic-circuit-ablation-half-risk,Logic_Circuit_Ablation_Half_Risk_2026-05-28 12:53:16,65758f47b64841c09039a94ceb044d59,Loss: Top-K Average,Loss: Top-640 Average,640,78,0.0484217591583728,1779972262885,get_metrics
logic-circuit-ablation-half-risk,Logic_Circuit_Ablation_Half_Risk_2026-05-28 12:53:16,65758f47b64841c09039a94ceb044d59,Loss: Top-K Average,Loss: Top-640 Average,640,79,0.0487587451934814,1779972347329,get_metrics
logic-circuit-ablation-half-risk,Logic_Circuit_Ablation_Half_Risk_2026-05-28 12:53:16,65758f47b64841c09039a94ceb044d59,Loss: Top-K Average,Loss: Top-640 Average,640,80,0.0492182970046997,1779972409971,get_metrics
logic-circuit-ablation-half-risk,Logic_Circuit_Ablation_Half_Risk_2026-05-28 12:53:16,65758f47b64841c09039a94ceb044d59,Loss: Top-K Average,Loss: Top-640 Average,640,81,0.0486464165151119,1779972495437,get_metrics
logic-circuit-ablation-half-risk,Logic_Circuit_Ablation_Half_Risk_2026-05-28 12:53:16,65758f47b64841c09039a94ceb044d59,Loss: Top-K Average,Loss: Top-640 Average,640,82,0.0484584644436836,1779972583817,get_metrics
logic-circuit-ablation-half-risk,Logic_Circuit_Ablation_Half_Risk_2026-05-28 12:53:16,65758f47b64841c09039a94ceb044d59,Loss: Top-K Average,Loss: Top-640 Average,640,83,0.0482128709554672,1779972680181,get_metrics
logic-circuit-ablation-half-risk,Logic_Circuit_Ablation_Half_Risk_2026-05-28 12:53:16,65758f47b64841c09039a94ceb044d59,Loss: Top-K Average,Loss: Top-640 Average,640,84,0.0474611036479473,1779972759647,get_metrics
logic-circuit-ablation-half-risk,Logic_Circuit_Ablation_Half_Risk_2026-05-28 12:53:16,65758f47b64841c09039a94ceb044d59,Loss: Top-K Average,Loss: Top-640 Average,640,85,0.0485800169408321,1779972820261,get_metrics
logic-circuit-ablation-half-risk,Logic_Circuit_Ablation_Half_Risk_2026-05-28 12:53:16,65758f47b64841c09039a94ceb044d59,Loss: Top-K Average,Loss: Top-640 Average,640,86,0.0486113466322422,1779972916685,get_metrics
logic-circuit-ablation-half-risk,Logic_Circuit_Ablation_Half_Risk_2026-05-28 12:53:16,65758f47b64841c09039a94ceb044d59,Loss: Top-K Average,Loss: Top-640 Average,640,87,0.0491571985185146,1779973007275,get_metrics
logic-circuit-ablation-half-risk,Logic_Circuit_Ablation_Half_Risk_2026-05-28 12:53:16,65758f47b64841c09039a94ceb044d59,Loss: Top-K Average,Loss: Top-640 Average,640,88,0.0493893511593341,1779973084347,get_metrics
logic-circuit-ablation-half-risk,Logic_Circuit_Ablation_Half_Risk_2026-05-28 12:53:16,65758f47b64841c09039a94ceb044d59,Loss: Top-K Average,Loss: Top-640 Average,640,89,0.0483954921364784,1779973155549,get_metrics
logic-circuit-ablation-half-risk,Logic_Circuit_Ablation_Half_Risk_2026-05-28 12:53:16,65758f47b64841c09039a94ceb044d59,Loss: Top-K Average,Loss: Top-640 Average,640,90,0.0477939434349536,1779973217465,get_metrics
logic-circuit-ablation-half-risk,Logic_Circuit_Ablation_Half_Risk_2026-05-28 12:53:16,65758f47b64841c09039a94ceb044d59,Loss: Top-K Average,Loss: Top-640 Average,640,91,0.0487671457231044,1779973315885,get_metrics
logic-circuit-ablation-half-risk,Logic_Circuit_Ablation_Half_Risk_2026-05-28 12:53:16,65758f47b64841c09039a94ceb044d59,Loss: Top-K Average,Loss: Top-640 Average,640,92,0.047276958823204,1779973410723,get_metrics
logic-circuit-ablation-half-risk,Logic_Circuit_Ablation_Half_Risk_2026-05-28 12:53:16,65758f47b64841c09039a94ceb044d59,Loss: Top-K Average,Loss: Top-640 Average,640,93,0.0470940582454204,1779973505656,get_metrics
logic-circuit-ablation-half-risk,Logic_Circuit_Ablation_Half_Risk_2026-05-28 12:53:16,65758f47b64841c09039a94ceb044d59,Loss: Top-K Average,Loss: Top-640 Average,640,94,0.0475925095379352,1779973569354,get_metrics
logic-circuit-ablation-half-risk,Logic_Circuit_Ablation_Half_Risk_2026-05-28 12:53:16,65758f47b64841c09039a94ceb044d59,Loss: Top-K Average,Loss: Top-640 Average,640,95,0.0477236807346344,1779973629035,get_metrics
logic-circuit-ablation-half-risk,Logic_Circuit_Ablation_Half_Risk_2026-05-28 12:53:16,65758f47b64841c09039a94ceb044d59,Loss: Top-K Average,Loss: Top-640 Average,640,96,0.0471903979778289,1779973731114,get_metrics
logic-circuit-ablation-half-risk,Logic_Circuit_Ablation_Half_Risk_2026-05-28 12:53:16,65758f47b64841c09039a94ceb044d59,Loss: Top-K Average,Loss: Top-640 Average,640,97,0.0452986545860767,1779973821378,get_metrics
logic-circuit-ablation-half-risk,Logic_Circuit_Ablation_Half_Risk_2026-05-28 12:53:16,65758f47b64841c09039a94ceb044d59,Loss: Top-K Average,Loss: Top-640 Average,640,98,0.0435419790446758,1779973916483,get_metrics
logic-circuit-ablation-half-risk,Logic_Circuit_Ablation_Half_Risk_2026-05-28 12:53:16,65758f47b64841c09039a94ceb044d59,Loss: Top-K Average,Loss: Top-640 Average,640,99,0.0435195043683052,1779973981806,get_metrics
logic-circuit-ablation-half-risk,Logic_Circuit_Ablation_Half_Risk_2026-05-28 12:53:16,65758f47b64841c09039a94ceb044d59,Loss: Top-K Average,Loss: Top-640 Average,640,100,0.0444128587841987,1779974044295,get_metrics
logic-circuit-ablation-half-risk,Logic_Circuit_Ablation_Half_Risk_2026-05-28 12:53:16,65758f47b64841c09039a94ceb044d59,Loss: Top-K Average,Loss: Top-640 Average,640,101,0.0452451221644878,1779974146146,get_metrics
logic-circuit-ablation-half-risk,Logic_Circuit_Ablation_Half_Risk_2026-05-28 12:53:16,65758f47b64841c09039a94ceb044d59,Loss: Top-K Average,Loss: Top-640 Average,640,102,0.0453722663223743,1779974233786,get_metrics
logic-circuit-ablation-half-risk,Logic_Circuit_Ablation_Half_Risk_2026-05-28 12:53:16,65758f47b64841c09039a94ceb044d59,Loss: Top-K Average,Loss: Top-640 Average,640,103,0.0469989478588104,1779974330603,get_metrics
logic-circuit-ablation-half-risk,Logic_Circuit_Ablation_Half_Risk_2026-05-28 12:53:16,65758f47b64841c09039a94ceb044d59,Loss: Top-K Average,Loss: Top-640 Average,640,104,0.0467171482741832,1779974392800,get_metrics
logic-circuit-ablation-half-risk,Logic_Circuit_Ablation_Half_Risk_2026-05-28 12:53:16,65758f47b64841c09039a94ceb044d59,Loss: Top-K Average,Loss: Top-640 Average,640,105,0.0465254187583923,1779974454998,get_metrics
logic-circuit-ablation-half-risk,Logic_Circuit_Ablation_Half_Risk_2026-05-28 12:53:16,65758f47b64841c09039a94ceb044d59,Loss: Top-K Average,Loss: Top-640 Average,640,106,0.044112179428339,1779974567725,get_metrics
logic-circuit-ablation-half-risk,Logic_Circuit_Ablation_Half_Risk_2026-05-28 12:53:16,65758f47b64841c09039a94ceb044d59,Loss: Top-K Average,Loss: Top-640 Average,640,107,0.0433532893657684,1779974649512,get_metrics
logic-circuit-ablation-half-risk,Logic_Circuit_Ablation_Half_Risk_2026-05-28 12:53:16,65758f47b64841c09039a94ceb044d59,Loss: Top-K Average,Loss: Top-640 Average,640,108,0.0433121174573898,1779974746464,get_metrics
logic-circuit-ablation-half-risk,Logic_Circuit_Ablation_Half_Risk_2026-05-28 12:53:16,65758f47b64841c09039a94ceb044d59,Loss: Top-K Average,Loss: Top-640 Average,640,109,0.0436806343495845,1779974807440,get_metrics
logic-circuit-ablation-half-risk,Logic_Circuit_Ablation_Half_Risk_2026-05-28 12:53:16,65758f47b64841c09039a94ceb044d59,Loss: Top-K Average,Loss: Top-640 Average,640,110,0.045320589095354,1779974870331,get_metrics
logic-circuit-ablation-half-risk,Logic_Circuit_Ablation_Half_Risk_2026-05-28 12:53:16,65758f47b64841c09039a94ceb044d59,Loss: Top-K Average,Loss: Top-640 Average,640,111,0.0454226657748222,1779974994260,get_metrics
logic-circuit-ablation-half-risk,Logic_Circuit_Ablation_Half_Risk_2026-05-28 12:53:16,65758f47b64841c09039a94ceb044d59,Loss: Top-K Average,Loss: Top-640 Average,640,112,0.0446947701275348,1779975072371,get_metrics
logic-circuit-ablation-half-risk,Logic_Circuit_Ablation_Half_Risk_2026-05-28 12:53:16,65758f47b64841c09039a94ceb044d59,Loss: Top-K Average,Loss: Top-640 Average,640,113,0.0440841726958751,1779975163220,get_metrics
logic-circuit-ablation-half-risk,Logic_Circuit_Ablation_Half_Risk_2026-05-28 12:53:16,65758f47b64841c09039a94ceb044d59,Loss: Top-K Average,Loss: Top-640 Average,640,114,0.0440152809023857,1779975224886,get_metrics
logic-circuit-ablation-half-risk,Logic_Circuit_Ablation_Half_Risk_2026-05-28 12:53:16,65758f47b64841c09039a94ceb044d59,Loss: Top-K Average,Loss: Top-640 Average,640,115,0.0426598787307739,1779975285732,get_metrics
logic-circuit-ablation-half-risk,Logic_Circuit_Ablation_Half_Risk_2026-05-28 12:53:16,65758f47b64841c09039a94ceb044d59,Loss: Top-K Average,Loss: Top-640 Average,640,116,0.0436126887798309,1779975407087,get_metrics
logic-circuit-ablation-half-risk,Logic_Circuit_Ablation_Half_Risk_2026-05-28 12:53:16,65758f47b64841c09039a94ceb044d59,Loss: Top-K Average,Loss: Top-640 Average,640,117,0.0430428571999073,1779975508589,get_metrics
logic-circuit-ablation-half-risk,Logic_Circuit_Ablation_Half_Risk_2026-05-28 12:53:16,65758f47b64841c09039a94ceb044d59,Loss: Top-K Average,Loss: Top-640 Average,640,118,0.0418965108692646,1779975584081,get_metrics
logic-circuit-ablation-half-risk,Logic_Circuit_Ablation_Half_Risk_2026-05-28 12:53:16,65758f47b64841c09039a94ceb044d59,Loss: Top-K Average,Loss: Top-640 Average,640,119,0.0407457426190376,1779975646129,get_metrics
logic-circuit-ablation-half-risk,Logic_Circuit_Ablation_Half_Risk_2026-05-28 12:53:16,65758f47b64841c09039a94ceb044d59,Loss: Top-K Average,Loss: Top-640 Average,640,120,0.040438175201416,1779975707371,get_metrics
logic-circuit-ablation-half-risk,Logic_Circuit_Ablation_Half_Risk_2026-05-28 12:53:16,65758f47b64841c09039a94ceb044d59,Loss: Top-K Average,Loss: Top-640 Average,640,121,0.0401687026023864,1779975822194,get_metrics
logic-circuit-ablation-half-risk,Logic_Circuit_Ablation_Half_Risk_2026-05-28 12:53:16,65758f47b64841c09039a94ceb044d59,Loss: Top-K Average,Loss: Top-640 Average,640,122,0.0382138900458812,1779975918246,get_metrics
logic-circuit-ablation-half-risk,Logic_Circuit_Ablation_Half_Risk_2026-05-28 12:53:16,65758f47b64841c09039a94ceb044d59,Loss: Top-K Average,Loss: Top-640 Average,640,123,0.0405486412346363,1779976000529,get_metrics
logic-circuit-ablation-half-risk,Logic_Circuit_Ablation_Half_Risk_2026-05-28 12:53:16,65758f47b64841c09039a94ceb044d59,Loss: Top-K Average,Loss: Top-640 Average,640,124,0.0398432090878486,1779976061994,get_metrics
logic-circuit-ablation-half-risk,Logic_Circuit_Ablation_Half_Risk_2026-05-28 12:53:16,65758f47b64841c09039a94ceb044d59,Loss: Top-K Average,Loss: Top-640 Average,640,125,0.0416646376252174,1779976124130,get_metrics
logic-circuit-ablation-half-risk,Logic_Circuit_Ablation_Half_Risk_2026-05-28 12:53:16,65758f47b64841c09039a94ceb044d59,Loss: Top-K Average,Loss: Top-640 Average,640,126,0.0401972010731697,1779976259220,get_metrics
logic-circuit-ablation-half-risk,Logic_Circuit_Ablation_Half_Risk_2026-05-28 12:53:16,65758f47b64841c09039a94ceb044d59,Loss: Top-K Average,Loss: Top-640 Average,640,127,0.0395464971661567,1779976339071,get_metrics
logic-circuit-ablation-half-risk,Logic_Circuit_Ablation_Half_Risk_2026-05-28 12:53:16,65758f47b64841c09039a94ceb044d59,Loss: Top-K Average,Loss: Top-640 Average,640,128,0.0409751646220684,1779976413722,get_metrics
logic-circuit-ablation-half-risk,Logic_Circuit_Ablation_Half_Risk_2026-05-28 12:53:16,65758f47b64841c09039a94ceb044d59,Loss: Top-K Average,Loss: Top-640 Average,640,129,0.0406608060002327,1779976475399,get_metrics
logic-circuit-ablation-half-risk,Logic_Circuit_Ablation_Half_Risk_2026-05-28 12:53:16,65758f47b64841c09039a94ceb044d59,Loss: Top-K Average,Loss: Top-640 Average,640,130,0.0428911335766315,1779976548407,get_metrics
logic-circuit-ablation-half-risk,Logic_Circuit_Ablation_Half_Risk_2026-05-28 12:53:16,65758f47b64841c09039a94ceb044d59,Loss: Top-K Average,Loss: Top-640 Average,640,131,0.0429831407964229,1779976658951,get_metrics
logic-circuit-ablation-half-risk,Logic_Circuit_Ablation_Half_Risk_2026-05-28 12:53:16,65758f47b64841c09039a94ceb044d59,Loss: Top-K Average,Loss: Top-640 Average,640,132,0.0403444170951843,1779976752254,get_metrics
logic-circuit-ablation-half-risk,Logic_Circuit_Ablation_Half_Risk_2026-05-28 12:53:16,65758f47b64841c09039a94ceb044d59,Loss: Top-K Average,Loss: Top-640 Average,640,133,0.0375738106667995,1779976817138,get_metrics
logic-circuit-ablation-half-risk,Logic_Circuit_Ablation_Half_Risk_2026-05-28 12:53:16,65758f47b64841c09039a94ceb044d59,Loss: Top-K Average,Loss: Top-640 Average,640,134,0.0367598347365856,1779976878481,get_metrics
logic-circuit-ablation-half-risk,Logic_Circuit_Ablation_Half_Risk_2026-05-28 12:53:16,65758f47b64841c09039a94ceb044d59,Loss: Top-K Average,Loss: Top-640 Average,640,135,0.0347997732460498,1779976951758,get_metrics
logic-circuit-ablation-half-risk,Logic_Circuit_Ablation_Half_Risk_2026-05-28 12:53:16,65758f47b64841c09039a94ceb044d59,Loss: Top-K Average,Loss: Top-640 Average,640,136,0.037126637995243,1779977089787,get_metrics
logic-circuit-ablation-half-risk,Logic_Circuit_Ablation_Half_Risk_2026-05-28 12:53:16,65758f47b64841c09039a94ceb044d59,Loss: Top-K Average,Loss: Top-640 Average,640,137,0.0362504683434963,1779977167181,get_metrics
logic-circuit-ablation-half-risk,Logic_Circuit_Ablation_Half_Risk_2026-05-28 12:53:16,65758f47b64841c09039a94ceb044d59,Loss: Top-K Average,Loss: Top-640 Average,640,138,0.0334384217858314,1779977228977,get_metrics
logic-circuit-ablation-half-risk,Logic_Circuit_Ablation_Half_Risk_2026-05-28 12:53:16,65758f47b64841c09039a94ceb044d59,Loss: Top-K Average,Loss: Top-640 Average,640,139,0.0376237705349922,1779977293030,get_metrics
logic-circuit-ablation-half-risk,Logic_Circuit_Ablation_Half_Risk_2026-05-28 12:53:16,65758f47b64841c09039a94ceb044d59,Loss: Top-K Average,Loss: Top-640 Average,640,140,0.0378329418599605,1779977389257,get_metrics
logic-circuit-ablation-half-risk,Logic_Circuit_Ablation_Half_Risk_2026-05-28 12:53:16,65758f47b64841c09039a94ceb044d59,Loss: Top-K Average,Loss: Top-640 Average,640,141,0.0438134670257568,1779977503549,get_metrics
logic-circuit-ablation-half-risk,Logic_Circuit_Ablation_Half_Risk_2026-05-28 12:53:16,65758f47b64841c09039a94ceb044d59,Loss: Top-K Average,Loss: Top-640 Average,640,142,0.0429994128644466,1779977579353,get_metrics
logic-circuit-ablation-half-risk,Logic_Circuit_Ablation_Half_Risk_2026-05-28 12:53:16,65758f47b64841c09039a94ceb044d59,Loss: Top-K Average,Loss: Top-640 Average,640,143,0.0400698892772197,1779977640534,get_metrics
logic-circuit-ablation-half-risk,Logic_Circuit_Ablation_Half_Risk_2026-05-28 12:53:16,65758f47b64841c09039a94ceb044d59,Loss: Top-K Average,Loss: Top-640 Average,640,144,0.0389648787677288,1779977704990,get_metrics
logic-circuit-ablation-half-risk,Logic_Circuit_Ablation_Half_Risk_2026-05-28 12:53:16,65758f47b64841c09039a94ceb044d59,Loss: Top-K Average,Loss: Top-640 Average,640,145,0.0396815203130245,1779977789531,get_metrics
logic-circuit-ablation-half-risk,Logic_Circuit_Ablation_Half_Risk_2026-05-28 12:53:16,65758f47b64841c09039a94ceb044d59,Loss: Top-K Average,Loss: Top-640 Average,640,146,0.0416708849370479,1779977921522,get_metrics
logic-circuit-ablation-half-risk,Logic_Circuit_Ablation_Half_Risk_2026-05-28 12:53:16,65758f47b64841c09039a94ceb044d59,Loss: Top-K Average,Loss: Top-640 Average,640,147,0.0413298718631267,1779977983429,get_metrics
logic-circuit-ablation-half-risk,Logic_Circuit_Ablation_Half_Risk_2026-05-28 12:53:16,65758f47b64841c09039a94ceb044d59,Loss: Top-K Average,Loss: Top-640 Average,640,148,0.0408449731767177,1779978046590,get_metrics
logic-circuit-ablation-half-risk,Logic_Circuit_Ablation_Half_Risk_2026-05-28 12:53:16,65758f47b64841c09039a94ceb044d59,Loss: Top-K Average,Loss: Top-640 Average,640,149,0.0402485430240631,1779978120180,get_metrics
logic-circuit-ablation-half-risk,Logic_Circuit_Ablation_Half_Risk_2026-05-28 12:53:16,65758f47b64841c09039a94ceb044d59,Loss: Top-K Average,Loss: Top-640 Average,640,150,0.0415878184139728,1779978217121,get_metrics
logic-circuit-ablation-half-risk,Logic_Circuit_Ablation_Half_Risk_2026-05-28 12:53:16,65758f47b64841c09039a94ceb044d59,Loss: Top-K Average,Loss: Top-640 Average,640,151,0.0397008322179317,1779978328257,get_metrics
logic-circuit-ablation-half-risk,Logic_Circuit_Ablation_Half_Risk_2026-05-28 12:53:16,65758f47b64841c09039a94ceb044d59,Loss: Top-K Average,Loss: Top-640 Average,640,152,0.0379549823701381,1779978390430,get_metrics
logic-circuit-ablation-half-risk,Logic_Circuit_Ablation_Half_Risk_2026-05-28 12:53:16,65758f47b64841c09039a94ceb044d59,Loss: Top-K Average,Loss: Top-640 Average,640,153,0.0343337729573249,1779978453136,get_metrics
logic-circuit-ablation-half-risk,Logic_Circuit_Ablation_Half_Risk_2026-05-28 12:53:16,65758f47b64841c09039a94ceb044d59,Loss: Top-K Average,Loss: Top-640 Average,640,154,0.0339384265244007,1779978546526,get_metrics
logic-circuit-ablation-half-risk,Logic_Circuit_Ablation_Half_Risk_2026-05-28 12:53:16,65758f47b64841c09039a94ceb044d59,Loss: Top-K Average,Loss: Top-640 Average,640,155,0.0328679233789444,1779978639907,get_metrics
logic-circuit-ablation-half-risk,Logic_Circuit_Ablation_Half_Risk_2026-05-28 12:53:16,65758f47b64841c09039a94ceb044d59,Loss: Top-K Average,Loss: Top-640 Average,640,156,0.0325037837028503,1779978741809,get_metrics
logic-circuit-ablation-half-risk,Logic_Circuit_Ablation_Half_Risk_2026-05-28 12:53:16,65758f47b64841c09039a94ceb044d59,Loss: Top-K Average,Loss: Top-640 Average,640,157,0.0349786579608917,1779978804323,get_metrics
logic-circuit-ablation-half-risk,Logic_Circuit_Ablation_Half_Risk_2026-05-28 12:53:16,65758f47b64841c09039a94ceb044d59,Loss: Top-K Average,Loss: Top-640 Average,640,158,0.0336752943694591,1779978877841,get_metrics
logic-circuit-ablation-half-risk,Logic_Circuit_Ablation_Half_Risk_2026-05-28 12:53:16,65758f47b64841c09039a94ceb044d59,Loss: Top-K Average,Loss: Top-640 Average,640,159,0.0325728766620159,1779978969407,get_metrics
logic-circuit-ablation-half-risk,Logic_Circuit_Ablation_Half_Risk_2026-05-28 12:53:16,65758f47b64841c09039a94ceb044d59,Loss: Top-K Average,Loss: Top-640 Average,640,160,0.0329332835972309,1779979063934,get_metrics
logic-circuit-ablation-half-risk,Logic_Circuit_Ablation_Half_Risk_2026-05-28 12:53:16,65758f47b64841c09039a94ceb044d59,Loss: Top-K Average,Loss: Top-640 Average,640,161,0.0335743725299835,1779979148695,get_metrics
logic-circuit-ablation-half-risk,Logic_Circuit_Ablation_Half_Risk_2026-05-28 12:53:16,65758f47b64841c09039a94ceb044d59,Loss: Top-K Average,Loss: Top-640 Average,640,162,0.0355367772281169,1779979213597,get_metrics
logic-circuit-ablation-half-risk,Logic_Circuit_Ablation_Half_Risk_2026-05-28 12:53:16,65758f47b64841c09039a94ceb044d59,Loss: Top-K Average,Loss: Top-640 Average,640,163,0.0359657518565654,1779979302688,get_metrics
logic-circuit-ablation-half-risk,Logic_Circuit_Ablation_Half_Risk_2026-05-28 12:53:16,65758f47b64841c09039a94ceb044d59,Loss: Top-K Average,Loss: Top-640 Average,640,164,0.0351162627339363,1779979396165,get_metrics
logic-circuit-ablation-half-risk,Logic_Circuit_Ablation_Half_Risk_2026-05-28 12:53:16,65758f47b64841c09039a94ceb044d59,Loss: Top-K Average,Loss: Top-640 Average,640,165,0.0353902243077755,1779979480762,get_metrics
logic-circuit-ablation-half-risk,Logic_Circuit_Ablation_Half_Risk_2026-05-28 12:53:16,65758f47b64841c09039a94ceb044d59,Loss: Top-K Average,Loss: Top-640 Average,640,166,0.0351721309125423,1779979565448,get_metrics
logic-circuit-ablation-half-risk,Logic_Circuit_Ablation_Half_Risk_2026-05-28 12:53:16,65758f47b64841c09039a94ceb044d59,Loss: Top-K Average,Loss: Top-640 Average,640,167,0.0350729189813137,1779979640032,get_metrics
logic-circuit-ablation-half-risk,Logic_Circuit_Ablation_Half_Risk_2026-05-28 12:53:16,65758f47b64841c09039a94ceb044d59,Loss: Top-K Average,Loss: Top-640 Average,640,168,0.0351412072777748,1779979737981,get_metrics
logic-circuit-ablation-half-risk,Logic_Circuit_Ablation_Half_Risk_2026-05-28 12:53:16,65758f47b64841c09039a94ceb044d59,Loss: Top-K Average,Loss: Top-640 Average,640,169,0.0354389920830726,1779979838098,get_metrics
logic-circuit-ablation-half-risk,Logic_Circuit_Ablation_Half_Risk_2026-05-28 12:53:16,65758f47b64841c09039a94ceb044d59,Loss: Top-K Average,Loss: Top-640 Average,640,170,0.0351733528077602,1779979901377,get_metrics
logic-circuit-ablation-half-risk,Logic_Circuit_Ablation_Half_Risk_2026-05-28 12:53:16,65758f47b64841c09039a94ceb044d59,Loss: Top-K Average,Loss: Top-640 Average,640,171,0.0343090556561946,1779979988532,get_metrics
logic-circuit-ablation-half-risk,Logic_Circuit_Ablation_Half_Risk_2026-05-28 12:53:16,65758f47b64841c09039a94ceb044d59,Loss: Top-K Average,Loss: Top-640 Average,640,172,0.0332746841013431,1779980089865,get_metrics
logic-circuit-ablation-half-risk,Logic_Circuit_Ablation_Half_Risk_2026-05-28 12:53:16,65758f47b64841c09039a94ceb044d59,Loss: Top-K Average,Loss: Top-640 Average,640,173,0.0323579385876655,1779980174911,get_metrics
logic-circuit-ablation-half-risk,Logic_Circuit_Ablation_Half_Risk_2026-05-28 12:53:16,65758f47b64841c09039a94ceb044d59,Loss: Top-K Average,Loss: Top-640 Average,640,174,0.0329951271414756,1779980258678,get_metrics
logic-circuit-ablation-half-risk,Logic_Circuit_Ablation_Half_Risk_2026-05-28 12:53:16,65758f47b64841c09039a94ceb044d59,Loss: Top-K Average,Loss: Top-640 Average,640,175,0.0325134173035621,1779980321375,get_metrics
logic-circuit-ablation-half-risk,Logic_Circuit_Ablation_Half_Risk_2026-05-28 12:53:16,65758f47b64841c09039a94ceb044d59,Loss: Top-K Average,Loss: Top-640 Average,640,176,0.0326610021293163,1779980406599,get_metrics
logic-circuit-ablation-half-risk,Logic_Circuit_Ablation_Half_Risk_2026-05-28 12:53:16,65758f47b64841c09039a94ceb044d59,Loss: Top-K Average,Loss: Top-640 Average,640,177,0.0323536954820156,1779980469925,get_metrics
logic-circuit-ablation-half-risk,Logic_Circuit_Ablation_Half_Risk_2026-05-28 12:53:16,65758f47b64841c09039a94ceb044d59,Loss: Top-K Average,Loss: Top-640 Average,640,178,0.0330730490386486,1779980532356,get_metrics
logic-circuit-ablation-half-risk,Logic_Circuit_Ablation_Half_Risk_2026-05-28 12:53:16,65758f47b64841c09039a94ceb044d59,Loss: Top-K Average,Loss: Top-640 Average,640,179,0.0331720523536205,1779980594886,get_metrics
logic-circuit-ablation-half-risk,Logic_Circuit_Ablation_Half_Risk_2026-05-28 12:53:16,65758f47b64841c09039a94ceb044d59,Loss: Top-K Average,Loss: Top-640 Average,640,180,0.0337557792663574,1779980657086,get_metrics
logic-circuit-ablation-half-risk,Logic_Circuit_Ablation_Half_Risk_2026-05-28 12:53:16,65758f47b64841c09039a94ceb044d59,Loss: Top-K Average,Loss: Top-640 Average,640,181,0.033398550003767,1779980744158,get_metrics
logic-circuit-ablation-half-risk,Logic_Circuit_Ablation_Half_Risk_2026-05-28 12:53:16,65758f47b64841c09039a94ceb044d59,Loss: Top-K Average,Loss: Top-640 Average,640,182,0.0346749722957611,1779980803873,get_metrics
logic-circuit-ablation-half-risk,Logic_Circuit_Ablation_Half_Risk_2026-05-28 12:53:16,65758f47b64841c09039a94ceb044d59,Loss: Top-K Average,Loss: Top-640 Average,640,183,0.0343829356133937,1779980865697,get_metrics
logic-circuit-ablation-half-risk,Logic_Circuit_Ablation_Half_Risk_2026-05-28 12:53:16,65758f47b64841c09039a94ceb044d59,Loss: Top-K Average,Loss: Top-640 Average,640,184,0.0353444926440715,1779980928026,get_metrics
logic-circuit-ablation-half-risk,Logic_Circuit_Ablation_Half_Risk_2026-05-28 12:53:16,65758f47b64841c09039a94ceb044d59,Loss: Top-K Average,Loss: Top-640 Average,640,185,0.037350058555603,1779980990270,get_metrics
logic-circuit-ablation-half-risk,Logic_Circuit_Ablation_Half_Risk_2026-05-28 12:53:16,65758f47b64841c09039a94ceb044d59,Loss: Top-K Average,Loss: Top-640 Average,640,186,0.0332647562026977,1779981076895,get_metrics
logic-circuit-ablation-half-risk,Logic_Circuit_Ablation_Half_Risk_2026-05-28 12:53:16,65758f47b64841c09039a94ceb044d59,Loss: Top-K Average,Loss: Top-640 Average,640,187,0.0337392799556255,1779981139241,get_metrics
logic-circuit-ablation-half-risk,Logic_Circuit_Ablation_Half_Risk_2026-05-28 12:53:16,65758f47b64841c09039a94ceb044d59,Loss: Top-K Average,Loss: Top-640 Average,640,188,0.0320681594312191,1779981200547,get_metrics
logic-circuit-ablation-half-risk,Logic_Circuit_Ablation_Half_Risk_2026-05-28 12:53:16,65758f47b64841c09039a94ceb044d59,Loss: Top-K Average,Loss: Top-640 Average,640,189,0.031156176701188,1779981263458,get_metrics
logic-circuit-ablation-half-risk,Logic_Circuit_Ablation_Half_Risk_2026-05-28 12:53:16,65758f47b64841c09039a94ceb044d59,Loss: Top-K Average,Loss: Top-640 Average,640,190,0.0316771008074283,1779981325586,get_metrics
logic-circuit-ablation-half-risk,Logic_Circuit_Ablation_Half_Risk_2026-05-28 12:53:16,65758f47b64841c09039a94ceb044d59,Loss: Top-K Average,Loss: Top-640 Average,640,191,0.0326319448649883,1779981412148,get_metrics
logic-circuit-ablation-half-risk,Logic_Circuit_Ablation_Half_Risk_2026-05-28 12:53:16,65758f47b64841c09039a94ceb044d59,Loss: Top-K Average,Loss: Top-640 Average,640,192,0.0322805829346179,1779981473391,get_metrics
logic-circuit-ablation-half-risk,Logic_Circuit_Ablation_Half_Risk_2026-05-28 12:53:16,65758f47b64841c09039a94ceb044d59,Loss: Top-K Average,Loss: Top-640 Average,640,193,0.0328301452100276,1779981543060,get_metrics
logic-circuit-ablation-half-risk,Logic_Circuit_Ablation_Half_Risk_2026-05-28 12:53:16,65758f47b64841c09039a94ceb044d59,Loss: Top-K Average,Loss: Top-640 Average,640,194,0.0330988243222236,1779981608457,get_metrics
logic-circuit-ablation-half-risk,Logic_Circuit_Ablation_Half_Risk_2026-05-28 12:53:16,65758f47b64841c09039a94ceb044d59,Loss: Top-K Average,Loss: Top-640 Average,640,195,0.0342838950455188,1779981678774,get_metrics
logic-circuit-ablation-half-risk,Logic_Circuit_Ablation_Half_Risk_2026-05-28 12:53:16,65758f47b64841c09039a94ceb044d59,Loss: Top-K Average,Loss: Top-640 Average,640,196,0.032892633229494,1779981772645,get_metrics
logic-circuit-ablation-half-risk,Logic_Circuit_Ablation_Half_Risk_2026-05-28 12:53:16,65758f47b64841c09039a94ceb044d59,Loss: Top-K Average,Loss: Top-640 Average,640,197,0.033506341278553,1779981840904,get_metrics
logic-circuit-ablation-half-risk,Logic_Circuit_Ablation_Half_Risk_2026-05-28 12:53:16,65758f47b64841c09039a94ceb044d59,Loss: Top-K Average,Loss: Top-640 Average,640,198,0.0341008864343166,1779981910744,get_metrics
logic-circuit-ablation-half-risk,Logic_Circuit_Ablation_Half_Risk_2026-05-28 12:53:16,65758f47b64841c09039a94ceb044d59,Loss: Top-K Average,Loss: Top-640 Average,640,199,0.033951137214899,1779981978104,get_metrics
logic-circuit-ablation-half-risk,Logic_Circuit_Ablation_Half_Risk_2026-05-28 12:53:16,65758f47b64841c09039a94ceb044d59,Loss: Top-K Average,Loss: Top-640 Average,640,200,0.0329089201986789,1779982044262,get_metrics
logic-circuit-ablation-half-risk,Logic_Circuit_Ablation_Half_Risk_2026-05-28 12:53:16,65758f47b64841c09039a94ceb044d59,Loss: Top-K Average,Loss: Top-640 Average,640,201,0.0340664461255073,1779982135959,get_metrics
logic-circuit-ablation-half-risk,Logic_Circuit_Ablation_Half_Risk_2026-05-28 12:53:16,65758f47b64841c09039a94ceb044d59,Loss: Top-K Average,Loss: Top-640 Average,640,202,0.0331500247120857,1779982204276,get_metrics
logic-circuit-ablation-half-risk,Logic_Circuit_Ablation_Half_Risk_2026-05-28 12:53:16,65758f47b64841c09039a94ceb044d59,Loss: Top-K Average,Loss: Top-640 Average,640,203,0.034882616251707,1779982272285,get_metrics
logic-circuit-ablation-half-risk,Logic_Circuit_Ablation_Half_Risk_2026-05-28 12:53:16,65758f47b64841c09039a94ceb044d59,Loss: Top-K Average,Loss: Top-640 Average,640,204,0.0353764668107032,1779982340810,get_metrics
logic-circuit-ablation-half-risk,Logic_Circuit_Ablation_Half_Risk_2026-05-28 12:53:16,65758f47b64841c09039a94ceb044d59,Loss: Top-K Average,Loss: Top-640 Average,640,205,0.035947423428297,1779982409156,get_metrics
logic-circuit-ablation-half-risk,Logic_Circuit_Ablation_Half_Risk_2026-05-28 12:53:16,65758f47b64841c09039a94ceb044d59,Loss: Top-K Average,Loss: Top-640 Average,640,206,0.034131221473217,1779982504937,get_metrics
logic-circuit-ablation-half-risk,Logic_Circuit_Ablation_Half_Risk_2026-05-28 12:53:16,65758f47b64841c09039a94ceb044d59,Loss: Top-K Average,Loss: Top-640 Average,640,207,0.0350447036325931,1779982573414,get_metrics
logic-circuit-ablation-half-risk,Logic_Circuit_Ablation_Half_Risk_2026-05-28 12:53:16,65758f47b64841c09039a94ceb044d59,Loss: Top-K Average,Loss: Top-640 Average,640,208,0.0349068939685821,1779982640426,get_metrics
logic-circuit-ablation-half-risk,Logic_Circuit_Ablation_Half_Risk_2026-05-28 12:53:16,65758f47b64841c09039a94ceb044d59,Loss: Top-K Average,Loss: Top-640 Average,640,209,0.0360979624092578,1779982706003,get_metrics
logic-circuit-ablation-half-risk,Logic_Circuit_Ablation_Half_Risk_2026-05-28 12:53:16,65758f47b64841c09039a94ceb044d59,Loss: Top-K Average,Loss: Top-640 Average,640,210,0.0337564945220947,1779982773001,get_metrics
logic-circuit-ablation-half-risk,Logic_Circuit_Ablation_Half_Risk_2026-05-28 12:53:16,65758f47b64841c09039a94ceb044d59,Loss: Top-K Average,Loss: Top-640 Average,640,211,0.0337257646024227,1779982865561,get_metrics
logic-circuit-ablation-half-risk,Logic_Circuit_Ablation_Half_Risk_2026-05-28 12:53:16,65758f47b64841c09039a94ceb044d59,Loss: Top-K Average,Loss: Top-640 Average,640,212,0.0335916467010974,1779982932205,get_metrics
logic-circuit-ablation-half-risk,Logic_Circuit_Ablation_Half_Risk_2026-05-28 12:53:16,65758f47b64841c09039a94ceb044d59,Loss: Top-K Average,Loss: Top-640 Average,640,213,0.0715421363711357,1779983005655,get_metrics
logic-circuit-ablation-half-risk,Logic_Circuit_Ablation_Half_Risk_2026-05-28 12:53:16,65758f47b64841c09039a94ceb044d59,Loss: Top-K Average,Loss: Top-640 Average,640,214,0.0331912748515605,1779983072689,get_metrics
logic-circuit-ablation-half-risk,Logic_Circuit_Ablation_Half_Risk_2026-05-28 12:53:16,65758f47b64841c09039a94ceb044d59,Loss: Top-K Average,Loss: Top-640 Average,640,215,0.0330215170979499,1779983140528,get_metrics
logic-circuit-ablation-half-risk,Logic_Circuit_Ablation_Half_Risk_2026-05-28 12:53:16,65758f47b64841c09039a94ceb044d59,Loss: Top-K Average,Loss: Top-640 Average,640,216,0.0314975082874298,1779983232915,get_metrics
logic-circuit-ablation-half-risk,Logic_Circuit_Ablation_Half_Risk_2026-05-28 12:53:16,65758f47b64841c09039a94ceb044d59,Loss: Top-K Average,Loss: Top-640 Average,640,217,0.0338437668979167,1779983303192,get_metrics
logic-circuit-ablation-half-risk,Logic_Circuit_Ablation_Half_Risk_2026-05-28 12:53:16,65758f47b64841c09039a94ceb044d59,Loss: Top-K Average,Loss: Top-640 Average,640,218,0.0324700586497783,1779983371459,get_metrics
logic-circuit-ablation-half-risk,Logic_Circuit_Ablation_Half_Risk_2026-05-28 12:53:16,65758f47b64841c09039a94ceb044d59,Loss: Top-K Average,Loss: Top-640 Average,640,219,0.0338643006980419,1779983436465,get_metrics
logic-circuit-ablation-half-risk,Logic_Circuit_Ablation_Half_Risk_2026-05-28 12:53:16,65758f47b64841c09039a94ceb044d59,Loss: Top-K Average,Loss: Top-640 Average,640,220,0.0358236283063888,1779983506481,get_metrics
logic-circuit-ablation-half-risk,Logic_Circuit_Ablation_Half_Risk_2026-05-28 12:53:16,65758f47b64841c09039a94ceb044d59,Loss: Top-K Average,Loss: Top-640 Average,640,221,0.0393605604767799,1779983600090,get_metrics
logic-circuit-ablation-half-risk,Logic_Circuit_Ablation_Half_Risk_2026-05-28 12:53:16,65758f47b64841c09039a94ceb044d59,Loss: Top-K Average,Loss: Top-640 Average,640,222,0.0415334813296794,1779983669626,get_metrics
logic-circuit-ablation-half-risk,Logic_Circuit_Ablation_Half_Risk_2026-05-28 12:53:16,65758f47b64841c09039a94ceb044d59,Loss: Top-K Average,Loss: Top-640 Average,640,223,0.040557038038969,1779983736190,get_metrics
logic-circuit-ablation-half-risk,Logic_Circuit_Ablation_Half_Risk_2026-05-28 12:53:16,65758f47b64841c09039a94ceb044d59,Loss: Top-K Average,Loss: Top-640 Average,640,224,0.0386686325073242,1779983803357,get_metrics
logic-circuit-ablation-half-risk,Logic_Circuit_Ablation_Half_Risk_2026-05-28 12:53:16,65758f47b64841c09039a94ceb044d59,Loss: Top-K Average,Loss: Top-640 Average,640,225,0.0363126806914806,1779983868157,get_metrics
logic-circuit-ablation-half-risk,Logic_Circuit_Ablation_Half_Risk_2026-05-28 12:53:16,65758f47b64841c09039a94ceb044d59,Loss: Top-K Average,Loss: Top-640 Average,640,226,0.0361602418124675,1779983962675,get_metrics
logic-circuit-ablation-half-risk,Logic_Circuit_Ablation_Half_Risk_2026-05-28 12:53:16,65758f47b64841c09039a94ceb044d59,Loss: Top-K Average,Loss: Top-640 Average,640,227,0.0345760658383369,1779984028523,get_metrics
logic-circuit-ablation-half-risk,Logic_Circuit_Ablation_Half_Risk_2026-05-28 12:53:16,65758f47b64841c09039a94ceb044d59,Loss: Top-K Average,Loss: Top-640 Average,640,228,0.0344848111271858,1779984098249,get_metrics
logic-circuit-ablation-half-risk,Logic_Circuit_Ablation_Half_Risk_2026-05-28 12:53:16,65758f47b64841c09039a94ceb044d59,Loss: Top-K Average,Loss: Top-640 Average,640,229,0.0337971933186054,1779984166171,get_metrics
logic-circuit-ablation-half-risk,Logic_Circuit_Ablation_Half_Risk_2026-05-28 12:53:16,65758f47b64841c09039a94ceb044d59,Loss: Top-K Average,Loss: Top-640 Average,640,230,0.0322492979466915,1779984232467,get_metrics
logic-circuit-ablation-half-risk,Logic_Circuit_Ablation_Half_Risk_2026-05-28 12:53:16,65758f47b64841c09039a94ceb044d59,Loss: Top-K Average,Loss: Top-640 Average,640,231,0.0307717453688383,1779984323226,get_metrics
logic-circuit-ablation-half-risk,Logic_Circuit_Ablation_Half_Risk_2026-05-28 12:53:16,65758f47b64841c09039a94ceb044d59,Loss: Top-K Average,Loss: Top-640 Average,640,232,0.0308248233050107,1779984396062,get_metrics
logic-circuit-ablation-half-risk,Logic_Circuit_Ablation_Half_Risk_2026-05-28 12:53:16,65758f47b64841c09039a94ceb044d59,Loss: Top-K Average,Loss: Top-640 Average,640,233,0.0324018187820911,1779984463762,get_metrics
logic-circuit-ablation-half-risk,Logic_Circuit_Ablation_Half_Risk_2026-05-28 12:53:16,65758f47b64841c09039a94ceb044d59,Loss: Top-K Average,Loss: Top-640 Average,640,234,0.0316897816956043,1779984583845,get_metrics
logic-circuit-ablation-half-risk,Logic_Circuit_Ablation_Half_Risk_2026-05-28 12:53:16,65758f47b64841c09039a94ceb044d59,Loss: Top-K Average,Loss: Top-640 Average,640,235,0.0320945866405963,1779984752129,get_metrics
logic-circuit-ablation-half-risk,Logic_Circuit_Ablation_Half_Risk_2026-05-28 12:53:16,65758f47b64841c09039a94ceb044d59,Loss: Top-K Average,Loss: Top-640 Average,640,236,0.0344851613044738,1779984947153,get_metrics
logic-circuit-ablation-half-risk,Logic_Circuit_Ablation_Half_Risk_2026-05-28 12:53:16,65758f47b64841c09039a94ceb044d59,Loss: Top-K Average,Loss: Top-640 Average,640,237,0.0351642332971096,1779985117576,get_metrics
logic-circuit-ablation-half-risk,Logic_Circuit_Ablation_Half_Risk_2026-05-28 12:53:16,65758f47b64841c09039a94ceb044d59,Loss: Top-K Average,Loss: Top-640 Average,640,238,0.035675223916769,1779985226783,get_metrics
logic-circuit-ablation-half-risk,Logic_Circuit_Ablation_Half_Risk_2026-05-28 12:53:16,65758f47b64841c09039a94ceb044d59,Loss: Top-K Average,Loss: Top-640 Average,640,239,0.0396445244550704,1779985298227,get_metrics
logic-circuit-ablation-half-risk,Logic_Circuit_Ablation_Half_Risk_2026-05-28 12:53:16,65758f47b64841c09039a94ceb044d59,Loss: Top-K Average,Loss: Top-640 Average,640,240,0.0363982282578945,1779985364116,get_metrics
logic-circuit-ablation-half-risk,Logic_Circuit_Ablation_Half_Risk_2026-05-28 12:53:16,65758f47b64841c09039a94ceb044d59,Loss: Top-K Average,Loss: Top-640 Average,640,241,0.0359096452593803,1779985461291,get_metrics
logic-circuit-ablation-half-risk,Logic_Circuit_Ablation_Half_Risk_2026-05-28 12:53:16,65758f47b64841c09039a94ceb044d59,Loss: Top-K Average,Loss: Top-640 Average,640,242,0.0340934693813324,1779985528996,get_metrics
logic-circuit-ablation-half-risk,Logic_Circuit_Ablation_Half_Risk_2026-05-28 12:53:16,65758f47b64841c09039a94ceb044d59,Loss: Top-K Average,Loss: Top-640 Average,640,243,0.0346009992063045,1779985597001,get_metrics
logic-circuit-ablation-half-risk,Logic_Circuit_Ablation_Half_Risk_2026-05-28 12:53:16,65758f47b64841c09039a94ceb044d59,Loss: Top-K Average,Loss: Top-640 Average,640,244,0.0324273109436035,1779985661678,get_metrics
logic-circuit-ablation-half-risk,Logic_Circuit_Ablation_Half_Risk_2026-05-28 12:53:16,65758f47b64841c09039a94ceb044d59,Loss: Top-K Average,Loss: Top-640 Average,640,245,0.0340209193527698,1779985728176,get_metrics
logic-circuit-ablation-half-risk,Logic_Circuit_Ablation_Half_Risk_2026-05-28 12:53:16,65758f47b64841c09039a94ceb044d59,Loss: Top-K Average,Loss: Top-640 Average,640,246,0.0339272506535053,1779985827060,get_metrics
logic-circuit-ablation-half-risk,Logic_Circuit_Ablation_Half_Risk_2026-05-28 12:53:16,65758f47b64841c09039a94ceb044d59,Loss: Top-K Average,Loss: Top-640 Average,640,247,0.0355529189109802,1779985896053,get_metrics
logic-circuit-ablation-half-risk,Logic_Circuit_Ablation_Half_Risk_2026-05-28 12:53:16,65758f47b64841c09039a94ceb044d59,Loss: Top-K Average,Loss: Top-640 Average,640,248,0.0339905247092247,1779985962199,get_metrics
logic-circuit-ablation-half-risk,Logic_Circuit_Ablation_Half_Risk_2026-05-28 12:53:16,65758f47b64841c09039a94ceb044d59,Loss: Top-K Average,Loss: Top-640 Average,640,249,0.0340217314660549,1779986032366,get_metrics
logic-circuit-ablation-half-risk,Logic_Circuit_Ablation_Half_Risk_2026-05-28 12:53:16,65758f47b64841c09039a94ceb044d59,Loss: Top-K Average,Loss: Top-640 Average,640,250,0.0337488390505313,1779986099097,get_metrics
logic-circuit-ablation-half-risk,Logic_Circuit_Ablation_Half_Risk_2026-05-28 12:53:16,65758f47b64841c09039a94ceb044d59,Loss: Top-K Average,Loss: Top-640 Average,640,251,0.0339288152754306,1779986193454,get_metrics
logic-circuit-ablation-half-risk,Logic_Circuit_Ablation_Half_Risk_2026-05-28 12:53:16,65758f47b64841c09039a94ceb044d59,Loss: Top-K Average,Loss: Top-640 Average,640,252,0.033202052116394,1779986262548,get_metrics
logic-circuit-ablation-half-risk,Logic_Circuit_Ablation_Half_Risk_2026-05-28 12:53:16,65758f47b64841c09039a94ceb044d59,Loss: Top-K Average,Loss: Top-640 Average,640,253,0.032722819596529,1779986329928,get_metrics
logic-circuit-ablation-half-risk,Logic_Circuit_Ablation_Half_Risk_2026-05-28 12:53:16,65758f47b64841c09039a94ceb044d59,Loss: Top-K Average,Loss: Top-640 Average,640,254,0.0324415042996406,1779986398781,get_metrics
logic-circuit-ablation-half-risk,Logic_Circuit_Ablation_Half_Risk_2026-05-28 12:53:16,65758f47b64841c09039a94ceb044d59,Loss: Top-K Average,Loss: Top-640 Average,640,255,0.0320006571710109,1779986470338,get_metrics
logic-circuit-ablation-half-risk,Logic_Circuit_Ablation_Half_Risk_2026-05-28 12:53:16,65758f47b64841c09039a94ceb044d59,Loss: Top-K Average,Loss: Top-640 Average,640,256,0.0321132317185401,1779986562830,get_metrics
logic-circuit-ablation-half-risk,Logic_Circuit_Ablation_Half_Risk_2026-05-28 12:53:16,65758f47b64841c09039a94ceb044d59,Loss: Top-K Average,Loss: Top-640 Average,640,257,0.032676126807928,1779986632304,get_metrics
logic-circuit-ablation-half-risk,Logic_Circuit_Ablation_Half_Risk_2026-05-28 12:53:16,65758f47b64841c09039a94ceb044d59,Loss: Top-K Average,Loss: Top-640 Average,640,258,0.0316456519067287,1779986701585,get_metrics
logic-circuit-ablation-half-risk,Logic_Circuit_Ablation_Half_Risk_2026-05-28 12:53:16,65758f47b64841c09039a94ceb044d59,Loss: Top-K Average,Loss: Top-640 Average,640,259,0.0316274352371692,1779986769267,get_metrics
logic-circuit-ablation-half-risk,Logic_Circuit_Ablation_Half_Risk_2026-05-28 12:53:16,65758f47b64841c09039a94ceb044d59,Loss: Top-K Average,Loss: Top-640 Average,640,260,0.0334290899336338,1779986835281,get_metrics
logic-circuit-ablation-half-risk,Logic_Circuit_Ablation_Half_Risk_2026-05-28 12:53:16,65758f47b64841c09039a94ceb044d59,Loss: Top-K Average,Loss: Top-640 Average,640,261,0.033733282238245,1779986929461,get_metrics
logic-circuit-ablation-half-risk,Logic_Circuit_Ablation_Half_Risk_2026-05-28 12:53:16,65758f47b64841c09039a94ceb044d59,Loss: Top-K Average,Loss: Top-640 Average,640,262,0.0325310193002224,1779986999979,get_metrics
logic-circuit-ablation-half-risk,Logic_Circuit_Ablation_Half_Risk_2026-05-28 12:53:16,65758f47b64841c09039a94ceb044d59,Loss: Top-K Average,Loss: Top-640 Average,640,263,0.0327390767633914,1779987067561,get_metrics
logic-circuit-ablation-half-risk,Logic_Circuit_Ablation_Half_Risk_2026-05-28 12:53:16,65758f47b64841c09039a94ceb044d59,Loss: Top-K Average,Loss: Top-640 Average,640,264,0.0332839265465736,1779987133975,get_metrics
logic-circuit-ablation-half-risk,Logic_Circuit_Ablation_Half_Risk_2026-05-28 12:53:16,65758f47b64841c09039a94ceb044d59,Loss: Top-K Average,Loss: Top-640 Average,640,265,0.034824576228857,1779987204655,get_metrics
logic-circuit-ablation-half-risk,Logic_Circuit_Ablation_Half_Risk_2026-05-28 12:53:16,65758f47b64841c09039a94ceb044d59,Loss: Top-K Average,Loss: Top-640 Average,640,266,0.0341649912297725,1779987297705,get_metrics
logic-circuit-ablation-half-risk,Logic_Circuit_Ablation_Half_Risk_2026-05-28 12:53:16,65758f47b64841c09039a94ceb044d59,Loss: Top-K Average,Loss: Top-640 Average,640,267,0.0326495878398418,1779987366669,get_metrics
logic-circuit-ablation-half-risk,Logic_Circuit_Ablation_Half_Risk_2026-05-28 12:53:16,65758f47b64841c09039a94ceb044d59,Loss: Top-K Average,Loss: Top-640 Average,640,268,0.0323430784046649,1779987432359,get_metrics
logic-circuit-ablation-half-risk,Logic_Circuit_Ablation_Half_Risk_2026-05-28 12:53:16,65758f47b64841c09039a94ceb044d59,Loss: Top-K Average,Loss: Top-640 Average,640,269,0.0322358198463916,1779987502338,get_metrics
logic-circuit-ablation-half-risk,Logic_Circuit_Ablation_Half_Risk_2026-05-28 12:53:16,65758f47b64841c09039a94ceb044d59,Loss: Top-K Average,Loss: Top-640 Average,640,270,0.0317921228706836,1779987569560,get_metrics
logic-circuit-ablation-half-risk,Logic_Circuit_Ablation_Half_Risk_2026-05-28 12:53:16,65758f47b64841c09039a94ceb044d59,Loss: Top-K Average,Loss: Top-640 Average,640,271,0.0318215675652027,1779987666500,get_metrics
logic-circuit-ablation-half-risk,Logic_Circuit_Ablation_Half_Risk_2026-05-28 12:53:16,65758f47b64841c09039a94ceb044d59,Loss: Top-K Average,Loss: Top-640 Average,640,272,0.0317912399768829,1779987731671,get_metrics
logic-circuit-ablation-half-risk,Logic_Circuit_Ablation_Half_Risk_2026-05-28 12:53:16,65758f47b64841c09039a94ceb044d59,Loss: Top-K Average,Loss: Top-640 Average,640,273,0.032244823873043,1779987801111,get_metrics
logic-circuit-ablation-half-risk,Logic_Circuit_Ablation_Half_Risk_2026-05-28 12:53:16,65758f47b64841c09039a94ceb044d59,Loss: Top-K Average,Loss: Top-640 Average,640,274,0.0310895200818777,1779987872966,get_metrics
logic-circuit-ablation-half-risk,Logic_Circuit_Ablation_Half_Risk_2026-05-28 12:53:16,65758f47b64841c09039a94ceb044d59,Loss: Top-K Average,Loss: Top-640 Average,640,275,0.0325638838112354,1779987939946,get_metrics
logic-circuit-ablation-half-risk,Logic_Circuit_Ablation_Half_Risk_2026-05-28 12:53:16,65758f47b64841c09039a94ceb044d59,Loss: Top-K Average,Loss: Top-640 Average,640,276,0.0340853109955787,1779988033186,get_metrics
logic-circuit-ablation-half-risk,Logic_Circuit_Ablation_Half_Risk_2026-05-28 12:53:16,65758f47b64841c09039a94ceb044d59,Loss: Top-K Average,Loss: Top-640 Average,640,277,0.0345789492130279,1779988099692,get_metrics
logic-circuit-ablation-half-risk,Logic_Circuit_Ablation_Half_Risk_2026-05-28 12:53:16,65758f47b64841c09039a94ceb044d59,Loss: Top-K Average,Loss: Top-640 Average,640,278,0.0322775281965732,1779988166027,get_metrics
logic-circuit-ablation-half-risk,Logic_Circuit_Ablation_Half_Risk_2026-05-28 12:53:16,65758f47b64841c09039a94ceb044d59,Loss: Top-K Average,Loss: Top-640 Average,640,279,0.0343155339360237,1779988233699,get_metrics
logic-circuit-ablation-half-risk,Logic_Circuit_Ablation_Half_Risk_2026-05-28 12:53:16,65758f47b64841c09039a94ceb044d59,Loss: Top-K Average,Loss: Top-640 Average,640,280,0.0342051051557064,1779988301342,get_metrics
logic-circuit-ablation-half-risk,Logic_Circuit_Ablation_Half_Risk_2026-05-28 12:53:16,65758f47b64841c09039a94ceb044d59,Loss: Top-K Average,Loss: Top-640 Average,640,281,0.032612107694149,1779988397911,get_metrics
logic-circuit-ablation-half-risk,Logic_Circuit_Ablation_Half_Risk_2026-05-28 12:53:16,65758f47b64841c09039a94ceb044d59,Loss: Top-K Average,Loss: Top-640 Average,640,282,0.0341176278889179,1779988465295,get_metrics
logic-circuit-ablation-half-risk,Logic_Circuit_Ablation_Half_Risk_2026-05-28 12:53:16,65758f47b64841c09039a94ceb044d59,Loss: Top-K Average,Loss: Top-640 Average,640,283,0.0353308729827404,1779988534671,get_metrics
logic-circuit-ablation-half-risk,Logic_Circuit_Ablation_Half_Risk_2026-05-28 12:53:16,65758f47b64841c09039a94ceb044d59,Loss: Top-K Average,Loss: Top-640 Average,640,284,0.037981666624546,1779988602220,get_metrics
logic-circuit-ablation-half-risk,Logic_Circuit_Ablation_Half_Risk_2026-05-28 12:53:16,65758f47b64841c09039a94ceb044d59,Loss: Top-K Average,Loss: Top-640 Average,640,285,0.0368135645985603,1779988670733,get_metrics
logic-circuit-ablation-half-risk,Logic_Circuit_Ablation_Half_Risk_2026-05-28 12:53:16,65758f47b64841c09039a94ceb044d59,Loss: Top-K Average,Loss: Top-640 Average,640,286,0.0339643768966198,1779988765558,get_metrics
logic-circuit-ablation-half-risk,Logic_Circuit_Ablation_Half_Risk_2026-05-28 12:53:16,65758f47b64841c09039a94ceb044d59,Loss: Top-K Average,Loss: Top-640 Average,640,287,0.0340304933488369,1779988831713,get_metrics
logic-circuit-ablation-half-risk,Logic_Circuit_Ablation_Half_Risk_2026-05-28 12:53:16,65758f47b64841c09039a94ceb044d59,Loss: Top-K Average,Loss: Top-640 Average,640,288,0.0348910503089427,1779988900651,get_metrics
logic-circuit-ablation-half-risk,Logic_Circuit_Ablation_Half_Risk_2026-05-28 12:53:16,65758f47b64841c09039a94ceb044d59,Loss: Top-K Average,Loss: Top-640 Average,640,289,0.035787608474493,1779988968355,get_metrics
logic-circuit-ablation-half-risk,Logic_Circuit_Ablation_Half_Risk_2026-05-28 12:53:16,65758f47b64841c09039a94ceb044d59,Loss: Top-K Average,Loss: Top-640 Average,640,290,0.0366202406585216,1779989035611,get_metrics
logic-circuit-ablation-half-risk,Logic_Circuit_Ablation_Half_Risk_2026-05-28 12:53:16,65758f47b64841c09039a94ceb044d59,Loss: Top-K Average,Loss: Top-640 Average,640,291,0.0348834656178951,1779989129786,get_metrics
logic-circuit-ablation-half-risk,Logic_Circuit_Ablation_Half_Risk_2026-05-28 12:53:16,65758f47b64841c09039a94ceb044d59,Loss: Top-K Average,Loss: Top-640 Average,640,292,0.0337758064270019,1779989195955,get_metrics
logic-circuit-ablation-half-risk,Logic_Circuit_Ablation_Half_Risk_2026-05-28 12:53:16,65758f47b64841c09039a94ceb044d59,Loss: Top-K Average,Loss: Top-640 Average,640,293,0.0344355478882789,1779989262728,get_metrics
logic-circuit-ablation-half-risk,Logic_Circuit_Ablation_Half_Risk_2026-05-28 12:53:16,65758f47b64841c09039a94ceb044d59,Loss: Top-K Average,Loss: Top-640 Average,640,294,0.0325733833014965,1779989327917,get_metrics
logic-circuit-ablation-half-risk,Logic_Circuit_Ablation_Half_Risk_2026-05-28 12:53:16,65758f47b64841c09039a94ceb044d59,Loss: Top-K Average,Loss: Top-640 Average,640,295,0.0345184467732906,1779989399840,get_metrics
logic-circuit-ablation-half-risk,Logic_Circuit_Ablation_Half_Risk_2026-05-28 12:53:16,65758f47b64841c09039a94ceb044d59,Loss: Top-K Average,Loss: Top-640 Average,640,296,0.0339570194482803,1779989490846,get_metrics
logic-circuit-ablation-half-risk,Logic_Circuit_Ablation_Half_Risk_2026-05-28 12:53:16,65758f47b64841c09039a94ceb044d59,Loss: Top-K Average,Loss: Top-640 Average,640,297,0.0313862673938274,1779989558412,get_metrics
logic-circuit-ablation-half-risk,Logic_Circuit_Ablation_Half_Risk_2026-05-28 12:53:16,65758f47b64841c09039a94ceb044d59,Loss: Top-K Average,Loss: Top-640 Average,640,298,0.0319628976285457,1779989626072,get_metrics
logic-circuit-ablation-half-risk,Logic_Circuit_Ablation_Half_Risk_2026-05-28 12:53:16,65758f47b64841c09039a94ceb044d59,Loss: Top-K Average,Loss: Top-640 Average,640,299,0.0315488688647747,1779989697182,get_metrics
logic-circuit-ablation-half-risk,Logic_Circuit_Ablation_Half_Risk_2026-05-28 12:53:16,65758f47b64841c09039a94ceb044d59,Loss: Top-K Average,Loss: Top-640 Average,640,300,0.03268563747406,1779989767170,get_metrics
logic-circuit-ablation-half-risk,Logic_Circuit_Ablation_Half_Risk_2026-05-28 12:53:16,65758f47b64841c09039a94ceb044d59,Loss: Top-K Average,Loss: Top-640 Average,640,301,0.0325346179306507,1779989857485,get_metrics
logic-circuit-ablation-half-risk,Logic_Circuit_Ablation_Half_Risk_2026-05-28 12:53:16,65758f47b64841c09039a94ceb044d59,Loss: Top-K Average,Loss: Top-640 Average,640,302,0.0328971147537231,1779989926860,get_metrics
logic-circuit-ablation-half-risk,Logic_Circuit_Ablation_Half_Risk_2026-05-28 12:53:16,65758f47b64841c09039a94ceb044d59,Loss: Top-K Average,Loss: Top-640 Average,640,303,0.0331388488411903,1779989995084,get_metrics
logic-circuit-ablation-half-risk,Logic_Circuit_Ablation_Half_Risk_2026-05-28 12:53:16,65758f47b64841c09039a94ceb044d59,Loss: Top-K Average,Loss: Top-640 Average,640,304,0.0325440168380737,1779990064485,get_metrics
logic-circuit-ablation-half-risk,Logic_Circuit_Ablation_Half_Risk_2026-05-28 12:53:16,65758f47b64841c09039a94ceb044d59,Loss: Top-K Average,Loss: Top-640 Average,640,305,0.0329033583402633,1779990133121,get_metrics
logic-circuit-ablation-half-risk,Logic_Circuit_Ablation_Half_Risk_2026-05-28 12:53:16,65758f47b64841c09039a94ceb044d59,Loss: Top-K Average,Loss: Top-640 Average,640,306,0.0327382497489452,1779990226383,get_metrics
logic-circuit-ablation-half-risk,Logic_Circuit_Ablation_Half_Risk_2026-05-28 12:53:16,65758f47b64841c09039a94ceb044d59,Loss: Top-K Average,Loss: Top-640 Average,640,307,0.0325724445283412,1779990293773,get_metrics
logic-circuit-ablation-half-risk,Logic_Circuit_Ablation_Half_Risk_2026-05-28 12:53:16,65758f47b64841c09039a94ceb044d59,Loss: Top-K Average,Loss: Top-640 Average,640,308,0.0320847108960151,1779990360386,get_metrics
logic-circuit-ablation-half-risk,Logic_Circuit_Ablation_Half_Risk_2026-05-28 12:53:16,65758f47b64841c09039a94ceb044d59,Loss: Top-K Average,Loss: Top-640 Average,640,309,0.0325335524976253,1779990431605,get_metrics
logic-circuit-ablation-half-risk,Logic_Circuit_Ablation_Half_Risk_2026-05-28 12:53:16,65758f47b64841c09039a94ceb044d59,Loss: Top-K Average,Loss: Top-640 Average,640,310,0.0311418958008289,1779990501088,get_metrics
logic-circuit-ablation-half-risk,Logic_Circuit_Ablation_Half_Risk_2026-05-28 12:53:16,65758f47b64841c09039a94ceb044d59,Loss: Top-K Average,Loss: Top-640 Average,640,311,0.0313035510480403,1779990597624,get_metrics
logic-circuit-ablation-half-risk,Logic_Circuit_Ablation_Half_Risk_2026-05-28 12:53:16,65758f47b64841c09039a94ceb044d59,Loss: Top-K Average,Loss: Top-640 Average,640,312,0.0328055880963802,1779990666941,get_metrics
logic-circuit-ablation-half-risk,Logic_Circuit_Ablation_Half_Risk_2026-05-28 12:53:16,65758f47b64841c09039a94ceb044d59,Loss: Top-K Average,Loss: Top-640 Average,640,313,0.0309361703693866,1779990734839,get_metrics
logic-circuit-ablation-half-risk,Logic_Circuit_Ablation_Half_Risk_2026-05-28 12:53:16,65758f47b64841c09039a94ceb044d59,Loss: Top-K Average,Loss: Top-640 Average,640,314,0.031323816627264,1779990802158,get_metrics
logic-circuit-ablation-half-risk,Logic_Circuit_Ablation_Half_Risk_2026-05-28 12:53:16,65758f47b64841c09039a94ceb044d59,Loss: Top-K Average,Loss: Top-640 Average,640,315,0.0311544239521026,1779990871561,get_metrics
logic-circuit-ablation-half-risk,Logic_Circuit_Ablation_Half_Risk_2026-05-28 12:53:16,65758f47b64841c09039a94ceb044d59,Loss: Top-K Average,Loss: Top-640 Average,640,316,0.0325438976287841,1779990965140,get_metrics
logic-circuit-ablation-half-risk,Logic_Circuit_Ablation_Half_Risk_2026-05-28 12:53:16,65758f47b64841c09039a94ceb044d59,Loss: Top-K Average,Loss: Top-640 Average,640,317,0.0312917791306972,1779991032514,get_metrics
logic-circuit-ablation-half-risk,Logic_Circuit_Ablation_Half_Risk_2026-05-28 12:53:16,65758f47b64841c09039a94ceb044d59,Loss: Top-K Average,Loss: Top-640 Average,640,318,0.0320648066699504,1779991102175,get_metrics
logic-circuit-ablation-half-risk,Logic_Circuit_Ablation_Half_Risk_2026-05-28 12:53:16,65758f47b64841c09039a94ceb044d59,Loss: Top-K Average,Loss: Top-640 Average,640,319,0.0325094535946846,1779991173239,get_metrics
logic-circuit-ablation-half-risk,Logic_Circuit_Ablation_Half_Risk_2026-05-28 12:53:16,65758f47b64841c09039a94ceb044d59,Loss: Top-K Average,Loss: Top-640 Average,640,320,0.0322828516364097,1779991241566,get_metrics
logic-circuit-ablation-half-risk,Logic_Circuit_Ablation_Half_Risk_2026-05-28 12:53:16,65758f47b64841c09039a94ceb044d59,Loss: Top-K Average,Loss: Top-640 Average,640,321,0.032777976244688,1779991334767,get_metrics
logic-circuit-ablation-half-risk,Logic_Circuit_Ablation_Half_Risk_2026-05-28 12:53:16,65758f47b64841c09039a94ceb044d59,Loss: Top-K Average,Loss: Top-640 Average,640,322,0.0333342514932155,1779991404349,get_metrics
logic-circuit-ablation-half-risk,Logic_Circuit_Ablation_Half_Risk_2026-05-28 12:53:16,65758f47b64841c09039a94ceb044d59,Loss: Top-K Average,Loss: Top-640 Average,640,323,0.0330582149326801,1779991471898,get_metrics
logic-circuit-ablation-half-risk,Logic_Circuit_Ablation_Half_Risk_2026-05-28 12:53:16,65758f47b64841c09039a94ceb044d59,Loss: Top-K Average,Loss: Top-640 Average,640,324,0.0343550220131874,1779991541639,get_metrics
logic-circuit-ablation-half-risk,Logic_Circuit_Ablation_Half_Risk_2026-05-28 12:53:16,65758f47b64841c09039a94ceb044d59,Loss: Top-K Average,Loss: Top-640 Average,640,325,0.0330649577081203,1779991612223,get_metrics
logic-circuit-ablation-half-risk,Logic_Circuit_Ablation_Half_Risk_2026-05-28 12:53:16,65758f47b64841c09039a94ceb044d59,Loss: Top-K Average,Loss: Top-640 Average,640,326,0.0311830472201108,1779991709664,get_metrics
logic-circuit-ablation-half-risk,Logic_Circuit_Ablation_Half_Risk_2026-05-28 12:53:16,65758f47b64841c09039a94ceb044d59,Loss: Top-K Average,Loss: Top-640 Average,640,327,0.0314750410616397,1779991776323,get_metrics
logic-circuit-ablation-half-risk,Logic_Circuit_Ablation_Half_Risk_2026-05-28 12:53:16,65758f47b64841c09039a94ceb044d59,Loss: Top-K Average,Loss: Top-640 Average,640,328,0.0304913911968469,1779991846157,get_metrics
logic-circuit-ablation-half-risk,Logic_Circuit_Ablation_Half_Risk_2026-05-28 12:53:16,65758f47b64841c09039a94ceb044d59,Loss: Top-K Average,Loss: Top-640 Average,640,329,0.031243497505784,1779991913982,get_metrics
logic-circuit-ablation-half-risk,Logic_Circuit_Ablation_Half_Risk_2026-05-28 12:53:16,65758f47b64841c09039a94ceb044d59,Loss: Top-K Average,Loss: Top-640 Average,640,330,0.0364435128867626,1779991981219,get_metrics
logic-circuit-ablation-half-risk,Logic_Circuit_Ablation_Half_Risk_2026-05-28 12:53:16,65758f47b64841c09039a94ceb044d59,Loss: Top-K Average,Loss: Top-640 Average,640,331,0.0349852330982685,1779992076105,get_metrics
logic-circuit-ablation-half-risk,Logic_Circuit_Ablation_Half_Risk_2026-05-28 12:53:16,65758f47b64841c09039a94ceb044d59,Loss: Top-K Average,Loss: Top-640 Average,640,332,0.0320765525102615,1779992142875,get_metrics
logic-circuit-ablation-half-risk,Logic_Circuit_Ablation_Half_Risk_2026-05-28 12:53:16,65758f47b64841c09039a94ceb044d59,Loss: Top-K Average,Loss: Top-640 Average,640,333,0.0331340245902538,1779992212436,get_metrics
logic-circuit-ablation-half-risk,Logic_Circuit_Ablation_Half_Risk_2026-05-28 12:53:16,65758f47b64841c09039a94ceb044d59,Loss: Top-K Average,Loss: Top-640 Average,640,334,0.0340393632650375,1779992280568,get_metrics
logic-circuit-ablation-half-risk,Logic_Circuit_Ablation_Half_Risk_2026-05-28 12:53:16,65758f47b64841c09039a94ceb044d59,Loss: Top-K Average,Loss: Top-640 Average,640,335,0.0343089178204536,1779992349827,get_metrics
logic-circuit-ablation-half-risk,Logic_Circuit_Ablation_Half_Risk_2026-05-28 12:53:16,65758f47b64841c09039a94ceb044d59,Loss: Top-K Average,Loss: Top-640 Average,640,336,0.0335982255637645,1779992442288,get_metrics
logic-circuit-ablation-half-risk,Logic_Circuit_Ablation_Half_Risk_2026-05-28 12:53:16,65758f47b64841c09039a94ceb044d59,Loss: Top-K Average,Loss: Top-640 Average,640,337,0.0341788828372955,1779992510407,get_metrics
logic-circuit-ablation-half-risk,Logic_Circuit_Ablation_Half_Risk_2026-05-28 12:53:16,65758f47b64841c09039a94ceb044d59,Loss: Top-K Average,Loss: Top-640 Average,640,338,0.0342710837721824,1779992578854,get_metrics
logic-circuit-ablation-half-risk,Logic_Circuit_Ablation_Half_Risk_2026-05-28 12:53:16,65758f47b64841c09039a94ceb044d59,Loss: Top-K Average,Loss: Top-640 Average,640,339,0.0347128808498382,1779992645835,get_metrics
logic-circuit-ablation-half-risk,Logic_Circuit_Ablation_Half_Risk_2026-05-28 12:53:16,65758f47b64841c09039a94ceb044d59,Loss: Top-K Average,Loss: Top-640 Average,640,340,0.0325873456895351,1779992716693,get_metrics
logic-circuit-ablation-half-risk,Logic_Circuit_Ablation_Half_Risk_2026-05-28 12:53:16,65758f47b64841c09039a94ceb044d59,Loss: Top-K Average,Loss: Top-640 Average,640,341,0.0332660228013992,1779992809601,get_metrics
logic-circuit-ablation-half-risk,Logic_Circuit_Ablation_Half_Risk_2026-05-28 12:53:16,65758f47b64841c09039a94ceb044d59,Loss: Top-K Average,Loss: Top-640 Average,640,342,0.0331439040601253,1779992879650,get_metrics
logic-circuit-ablation-half-risk,Logic_Circuit_Ablation_Half_Risk_2026-05-28 12:53:16,65758f47b64841c09039a94ceb044d59,Loss: Top-K Average,Loss: Top-640 Average,640,343,0.0374018959701061,1779992949350,get_metrics
logic-circuit-ablation-half-risk,Logic_Circuit_Ablation_Half_Risk_2026-05-28 12:53:16,65758f47b64841c09039a94ceb044d59,Loss: Top-K Average,Loss: Top-640 Average,640,344,0.0307952221482992,1779993015881,get_metrics
logic-circuit-ablation-half-risk,Logic_Circuit_Ablation_Half_Risk_2026-05-28 12:53:16,65758f47b64841c09039a94ceb044d59,Loss: Top-K Average,Loss: Top-640 Average,640,345,0.0350406281650066,1779993083269,get_metrics
logic-circuit-ablation-half-risk,Logic_Circuit_Ablation_Half_Risk_2026-05-28 12:53:16,65758f47b64841c09039a94ceb044d59,Loss: Top-K Average,Loss: Top-640 Average,640,346,0.0334508083760738,1779993177117,get_metrics
logic-circuit-ablation-half-risk,Logic_Circuit_Ablation_Half_Risk_2026-05-28 12:53:16,65758f47b64841c09039a94ceb044d59,Loss: Top-K Average,Loss: Top-640 Average,640,347,0.0363355092704296,1779993247088,get_metrics
logic-circuit-ablation-half-risk,Logic_Circuit_Ablation_Half_Risk_2026-05-28 12:53:16,65758f47b64841c09039a94ceb044d59,Loss: Top-K Average,Loss: Top-640 Average,640,348,0.0329640470445156,1779993315031,get_metrics
logic-circuit-ablation-half-risk,Logic_Circuit_Ablation_Half_Risk_2026-05-28 12:53:16,65758f47b64841c09039a94ceb044d59,Loss: Top-K Average,Loss: Top-640 Average,640,349,0.0366397611796855,1779993384455,get_metrics
logic-circuit-ablation-half-risk,Logic_Circuit_Ablation_Half_Risk_2026-05-28 12:53:16,65758f47b64841c09039a94ceb044d59,Loss: Top-K Average,Loss: Top-640 Average,640,350,0.0327935256063938,1779993454364,get_metrics
logic-circuit-ablation-half-risk,Logic_Circuit_Ablation_Half_Risk_2026-05-28 12:53:16,65758f47b64841c09039a94ceb044d59,Loss: Top-K Average,Loss: Top-640 Average,640,351,0.0359617732465267,1779993547806,get_metrics
logic-circuit-ablation-half-risk,Logic_Circuit_Ablation_Half_Risk_2026-05-28 12:53:16,65758f47b64841c09039a94ceb044d59,Loss: Top-K Average,Loss: Top-640 Average,640,352,0.0365746766328811,1779993616794,get_metrics
logic-circuit-ablation-half-risk,Logic_Circuit_Ablation_Half_Risk_2026-05-28 12:53:16,65758f47b64841c09039a94ceb044d59,Loss: Top-K Average,Loss: Top-640 Average,640,353,0.0340038314461708,1779993684445,get_metrics
logic-circuit-ablation-half-risk,Logic_Circuit_Ablation_Half_Risk_2026-05-28 12:53:16,65758f47b64841c09039a94ceb044d59,Loss: Top-K Average,Loss: Top-640 Average,640,354,0.0340776480734348,1779993752588,get_metrics
logic-circuit-ablation-half-risk,Logic_Circuit_Ablation_Half_Risk_2026-05-28 12:53:16,65758f47b64841c09039a94ceb044d59,Loss: Top-K Average,Loss: Top-640 Average,640,355,0.0337533764541149,1779993822629,get_metrics
logic-circuit-ablation-half-risk,Logic_Circuit_Ablation_Half_Risk_2026-05-28 12:53:16,65758f47b64841c09039a94ceb044d59,Loss: Top-K Average,Loss: Top-640 Average,640,356,0.033587247133255,1779993915738,get_metrics
logic-circuit-ablation-half-risk,Logic_Circuit_Ablation_Half_Risk_2026-05-28 12:53:16,65758f47b64841c09039a94ceb044d59,Loss: Top-K Average,Loss: Top-640 Average,640,357,0.0346291735768318,1779993986864,get_metrics
logic-circuit-ablation-half-risk,Logic_Circuit_Ablation_Half_Risk_2026-05-28 12:53:16,65758f47b64841c09039a94ceb044d59,Loss: Top-K Average,Loss: Top-640 Average,640,358,0.0331550799310207,1779994055102,get_metrics
logic-circuit-ablation-half-risk,Logic_Circuit_Ablation_Half_Risk_2026-05-28 12:53:16,65758f47b64841c09039a94ceb044d59,Loss: Top-K Average,Loss: Top-640 Average,640,359,0.0325234606862068,1779994123976,get_metrics
logic-circuit-ablation-half-risk,Logic_Circuit_Ablation_Half_Risk_2026-05-28 12:53:16,65758f47b64841c09039a94ceb044d59,Loss: Top-K Average,Loss: Top-640 Average,640,360,0.0310578476637601,1779994191097,get_metrics
logic-circuit-ablation-half-risk,Logic_Circuit_Ablation_Half_Risk_2026-05-28 12:53:16,65758f47b64841c09039a94ceb044d59,Loss: Top-K Average,Loss: Top-640 Average,640,361,0.0325401797890663,1779994286307,get_metrics
logic-circuit-ablation-half-risk,Logic_Circuit_Ablation_Half_Risk_2026-05-28 12:53:16,65758f47b64841c09039a94ceb044d59,Loss: Top-K Average,Loss: Top-640 Average,640,362,0.0316963158547878,1779994355282,get_metrics
logic-circuit-ablation-half-risk,Logic_Circuit_Ablation_Half_Risk_2026-05-28 12:53:16,65758f47b64841c09039a94ceb044d59,Loss: Top-K Average,Loss: Top-640 Average,640,363,0.0311785470694303,1779994425697,get_metrics
logic-circuit-ablation-half-risk,Logic_Circuit_Ablation_Half_Risk_2026-05-28 12:53:16,65758f47b64841c09039a94ceb044d59,Loss: Top-K Average,Loss: Top-640 Average,640,364,0.0308953374624252,1779994495118,get_metrics
logic-circuit-ablation-half-risk,Logic_Circuit_Ablation_Half_Risk_2026-05-28 12:53:16,65758f47b64841c09039a94ceb044d59,Loss: Top-K Average,Loss: Top-640 Average,640,365,0.0306812971830368,1779994564538,get_metrics
logic-circuit-ablation-half-risk,Logic_Circuit_Ablation_Half_Risk_2026-05-28 12:53:16,65758f47b64841c09039a94ceb044d59,Loss: Top-K Average,Loss: Top-640 Average,640,366,0.0322081856429576,1779994658276,get_metrics
logic-circuit-ablation-half-risk,Logic_Circuit_Ablation_Half_Risk_2026-05-28 12:53:16,65758f47b64841c09039a94ceb044d59,Loss: Top-K Average,Loss: Top-640 Average,640,367,0.0323978401720523,1779994727745,get_metrics
logic-circuit-ablation-half-risk,Logic_Circuit_Ablation_Half_Risk_2026-05-28 12:53:16,65758f47b64841c09039a94ceb044d59,Loss: Top-K Average,Loss: Top-640 Average,640,368,0.0354217961430549,1779994793959,get_metrics
logic-circuit-ablation-half-risk,Logic_Circuit_Ablation_Half_Risk_2026-05-28 12:53:16,65758f47b64841c09039a94ceb044d59,Loss: Top-K Average,Loss: Top-640 Average,640,369,0.0325426459312438,1779994865584,get_metrics
logic-circuit-ablation-half-risk,Logic_Circuit_Ablation_Half_Risk_2026-05-28 12:53:16,65758f47b64841c09039a94ceb044d59,Loss: Top-K Average,Loss: Top-640 Average,640,370,0.0333357080817222,1779994932729,get_metrics
logic-circuit-ablation-half-risk,Logic_Circuit_Ablation_Half_Risk_2026-05-28 12:53:16,65758f47b64841c09039a94ceb044d59,Loss: Top-K Average,Loss: Top-640 Average,640,371,0.0338948629796505,1779995026432,get_metrics
logic-circuit-ablation-half-risk,Logic_Circuit_Ablation_Half_Risk_2026-05-28 12:53:16,65758f47b64841c09039a94ceb044d59,Loss: Top-K Average,Loss: Top-640 Average,640,372,0.0374566614627838,1779995098596,get_metrics
logic-circuit-ablation-half-risk,Logic_Circuit_Ablation_Half_Risk_2026-05-28 12:53:16,65758f47b64841c09039a94ceb044d59,Loss: Top-K Average,Loss: Top-640 Average,640,373,0.0333739407360553,1779995167708,get_metrics
logic-circuit-ablation-half-risk,Logic_Circuit_Ablation_Half_Risk_2026-05-28 12:53:16,65758f47b64841c09039a94ceb044d59,Loss: Top-K Average,Loss: Top-640 Average,640,374,0.0334472469985485,1779995234083,get_metrics
logic-circuit-ablation-half-risk,Logic_Circuit_Ablation_Half_Risk_2026-05-28 12:53:16,65758f47b64841c09039a94ceb044d59,Loss: Top-K Average,Loss: Top-640 Average,640,375,0.0345784611999988,1779995302658,get_metrics
logic-circuit-ablation-half-risk,Logic_Circuit_Ablation_Half_Risk_2026-05-28 12:53:16,65758f47b64841c09039a94ceb044d59,Loss: Top-K Average,Loss: Top-640 Average,640,376,0.0347890853881835,1779995396780,get_metrics
logic-circuit-ablation-half-risk,Logic_Circuit_Ablation_Half_Risk_2026-05-28 12:53:16,65758f47b64841c09039a94ceb044d59,Loss: Top-K Average,Loss: Top-640 Average,640,377,0.0353179536759853,1779995465724,get_metrics
logic-circuit-ablation-half-risk,Logic_Circuit_Ablation_Half_Risk_2026-05-28 12:53:16,65758f47b64841c09039a94ceb044d59,Loss: Top-K Average,Loss: Top-640 Average,640,378,0.0330672413110733,1779995531792,get_metrics
logic-circuit-ablation-half-risk,Logic_Circuit_Ablation_Half_Risk_2026-05-28 12:53:16,65758f47b64841c09039a94ceb044d59,Loss: Top-K Average,Loss: Top-640 Average,640,379,0.0324459634721279,1779995602288,get_metrics
logic-circuit-ablation-half-risk,Logic_Circuit_Ablation_Half_Risk_2026-05-28 12:53:16,65758f47b64841c09039a94ceb044d59,Loss: Top-K Average,Loss: Top-640 Average,640,380,0.0316936187446117,1779995669294,get_metrics
logic-circuit-ablation-half-risk,Logic_Circuit_Ablation_Half_Risk_2026-05-28 12:53:16,65758f47b64841c09039a94ceb044d59,Loss: Top-K Average,Loss: Top-640 Average,640,381,0.032544307410717,1779995764688,get_metrics
logic-circuit-ablation-half-risk,Logic_Circuit_Ablation_Half_Risk_2026-05-28 12:53:16,65758f47b64841c09039a94ceb044d59,Loss: Top-K Average,Loss: Top-640 Average,640,382,0.03432622179389,1779995834784,get_metrics
logic-circuit-ablation-half-risk,Logic_Circuit_Ablation_Half_Risk_2026-05-28 12:53:16,65758f47b64841c09039a94ceb044d59,Loss: Top-K Average,Loss: Top-640 Average,640,383,0.0325897634029388,1779995900971,get_metrics
logic-circuit-ablation-half-risk,Logic_Circuit_Ablation_Half_Risk_2026-05-28 12:53:16,65758f47b64841c09039a94ceb044d59,Loss: Top-K Average,Loss: Top-640 Average,640,384,0.0352430045604705,1779995969848,get_metrics
logic-circuit-ablation-half-risk,Logic_Circuit_Ablation_Half_Risk_2026-05-28 12:53:16,65758f47b64841c09039a94ceb044d59,Loss: Top-K Average,Loss: Top-640 Average,640,385,0.0308826323598623,1779996040226,get_metrics
logic-circuit-ablation-half-risk,Logic_Circuit_Ablation_Half_Risk_2026-05-28 12:53:16,65758f47b64841c09039a94ceb044d59,Loss: Top-K Average,Loss: Top-640 Average,640,386,0.0315785817801952,1779996133895,get_metrics
logic-circuit-ablation-half-risk,Logic_Circuit_Ablation_Half_Risk_2026-05-28 12:53:16,65758f47b64841c09039a94ceb044d59,Loss: Top-K Average,Loss: Top-640 Average,640,387,0.0307925939559936,1779996204088,get_metrics
logic-circuit-ablation-half-risk,Logic_Circuit_Ablation_Half_Risk_2026-05-28 12:53:16,65758f47b64841c09039a94ceb044d59,Loss: Top-K Average,Loss: Top-640 Average,640,388,0.0302354581654071,1779996273178,get_metrics
logic-circuit-ablation-half-risk,Logic_Circuit_Ablation_Half_Risk_2026-05-28 12:53:16,65758f47b64841c09039a94ceb044d59,Loss: Top-K Average,Loss: Top-640 Average,640,389,0.029898066073656,1779996340157,get_metrics
logic-circuit-ablation-half-risk,Logic_Circuit_Ablation_Half_Risk_2026-05-28 12:53:16,65758f47b64841c09039a94ceb044d59,Loss: Top-K Average,Loss: Top-640 Average,640,390,0.0320734642446041,1779996409586,get_metrics
logic-circuit-ablation-half-risk,Logic_Circuit_Ablation_Half_Risk_2026-05-28 12:53:16,65758f47b64841c09039a94ceb044d59,Loss: Top-K Average,Loss: Top-640 Average,640,391,0.0325541794300079,1779996504936,get_metrics
logic-circuit-ablation-half-risk,Logic_Circuit_Ablation_Half_Risk_2026-05-28 12:53:16,65758f47b64841c09039a94ceb044d59,Loss: Top-K Average,Loss: Top-640 Average,640,392,0.031608909368515,1779996571733,get_metrics
logic-circuit-ablation-half-risk,Logic_Circuit_Ablation_Half_Risk_2026-05-28 12:53:16,65758f47b64841c09039a94ceb044d59,Loss: Top-K Average,Loss: Top-640 Average,640,393,0.033684242516756,1779996638471,get_metrics
logic-circuit-ablation-half-risk,Logic_Circuit_Ablation_Half_Risk_2026-05-28 12:53:16,65758f47b64841c09039a94ceb044d59,Loss: Top-K Average,Loss: Top-640 Average,640,394,0.0340522713959217,1779996710444,get_metrics
logic-circuit-ablation-half-risk,Logic_Circuit_Ablation_Half_Risk_2026-05-28 12:53:16,65758f47b64841c09039a94ceb044d59,Loss: Top-K Average,Loss: Top-640 Average,640,395,0.0340991578996181,1779996778020,get_metrics
logic-circuit-ablation-half-risk,Logic_Circuit_Ablation_Half_Risk_2026-05-28 12:53:16,65758f47b64841c09039a94ceb044d59,Loss: Top-K Average,Loss: Top-640 Average,640,396,0.0324721448123455,1779996873207,get_metrics
logic-circuit-ablation-half-risk,Logic_Circuit_Ablation_Half_Risk_2026-05-28 12:53:16,65758f47b64841c09039a94ceb044d59,Loss: Top-K Average,Loss: Top-640 Average,640,397,0.0317719541490078,1779996941739,get_metrics
logic-circuit-ablation-half-risk,Logic_Circuit_Ablation_Half_Risk_2026-05-28 12:53:16,65758f47b64841c09039a94ceb044d59,Loss: Top-K Average,Loss: Top-640 Average,640,398,0.0335988961160182,1779997007632,get_metrics
logic-circuit-ablation-half-risk,Logic_Circuit_Ablation_Half_Risk_2026-05-28 12:53:16,65758f47b64841c09039a94ceb044d59,Loss: Top-K Average,Loss: Top-640 Average,640,399,0.0323002152144908,1779997077962,get_metrics
