project,experiment_name,experiment_key,metric,step,value,timestamp,download_source
logic-circuit-ablation-half-risk,Logic_Circuit_Ablation_Half_Risk_2026-05-28 12:53:16,65758f47b64841c09039a94ceb044d59,Loss: Batch Best,0,0.2223961502313614,1779965707418,get_metrics
logic-circuit-ablation-half-risk,Logic_Circuit_Ablation_Half_Risk_2026-05-28 12:53:16,65758f47b64841c09039a94ceb044d59,Loss: Batch Best,1,0.156090036034584,1779965791853,get_metrics
logic-circuit-ablation-half-risk,Logic_Circuit_Ablation_Half_Risk_2026-05-28 12:53:16,65758f47b64841c09039a94ceb044d59,Loss: Batch Best,2,0.1549199521541595,1779965849861,get_metrics
logic-circuit-ablation-half-risk,Logic_Circuit_Ablation_Half_Risk_2026-05-28 12:53:16,65758f47b64841c09039a94ceb044d59,Loss: Batch Best,3,0.1826623231172561,1779965924350,get_metrics
logic-circuit-ablation-half-risk,Logic_Circuit_Ablation_Half_Risk_2026-05-28 12:53:16,65758f47b64841c09039a94ceb044d59,Loss: Batch Best,4,0.2195646911859512,1779966015901,get_metrics
logic-circuit-ablation-half-risk,Logic_Circuit_Ablation_Half_Risk_2026-05-28 12:53:16,65758f47b64841c09039a94ceb044d59,Loss: Batch Best,5,0.1337295174598693,1779966101153,get_metrics
logic-circuit-ablation-half-risk,Logic_Circuit_Ablation_Half_Risk_2026-05-28 12:53:16,65758f47b64841c09039a94ceb044d59,Loss: Batch Best,6,0.1740709692239761,1779966204282,get_metrics
logic-circuit-ablation-half-risk,Logic_Circuit_Ablation_Half_Risk_2026-05-28 12:53:16,65758f47b64841c09039a94ceb044d59,Loss: Batch Best,7,0.1713583916425705,1779966265022,get_metrics
logic-circuit-ablation-half-risk,Logic_Circuit_Ablation_Half_Risk_2026-05-28 12:53:16,65758f47b64841c09039a94ceb044d59,Loss: Batch Best,8,0.1794976145029068,1779966335733,get_metrics
logic-circuit-ablation-half-risk,Logic_Circuit_Ablation_Half_Risk_2026-05-28 12:53:16,65758f47b64841c09039a94ceb044d59,Loss: Batch Best,9,0.157316043972969,1779966419532,get_metrics
logic-circuit-ablation-half-risk,Logic_Circuit_Ablation_Half_Risk_2026-05-28 12:53:16,65758f47b64841c09039a94ceb044d59,Loss: Batch Best,10,0.1669197082519531,1779966524420,get_metrics
logic-circuit-ablation-half-risk,Logic_Circuit_Ablation_Half_Risk_2026-05-28 12:53:16,65758f47b64841c09039a94ceb044d59,Loss: Batch Best,11,0.1411541849374771,1779966632987,get_metrics
logic-circuit-ablation-half-risk,Logic_Circuit_Ablation_Half_Risk_2026-05-28 12:53:16,65758f47b64841c09039a94ceb044d59,Loss: Batch Best,12,0.1548108160495758,1779966694817,get_metrics
logic-circuit-ablation-half-risk,Logic_Circuit_Ablation_Half_Risk_2026-05-28 12:53:16,65758f47b64841c09039a94ceb044d59,Loss: Batch Best,13,0.1688981056213379,1779966760499,get_metrics
logic-circuit-ablation-half-risk,Logic_Circuit_Ablation_Half_Risk_2026-05-28 12:53:16,65758f47b64841c09039a94ceb044d59,Loss: Batch Best,14,0.137860968708992,1779966851164,get_metrics
logic-circuit-ablation-half-risk,Logic_Circuit_Ablation_Half_Risk_2026-05-28 12:53:16,65758f47b64841c09039a94ceb044d59,Loss: Batch Best,15,0.1881045252084732,1779966952049,get_metrics
logic-circuit-ablation-half-risk,Logic_Circuit_Ablation_Half_Risk_2026-05-28 12:53:16,65758f47b64841c09039a94ceb044d59,Loss: Batch Best,16,0.2053268849849701,1779967063444,get_metrics
logic-circuit-ablation-half-risk,Logic_Circuit_Ablation_Half_Risk_2026-05-28 12:53:16,65758f47b64841c09039a94ceb044d59,Loss: Batch Best,17,0.1414112895727157,1779967126735,get_metrics
logic-circuit-ablation-half-risk,Logic_Circuit_Ablation_Half_Risk_2026-05-28 12:53:16,65758f47b64841c09039a94ceb044d59,Loss: Batch Best,18,0.1541418880224228,1779967191547,get_metrics
logic-circuit-ablation-half-risk,Logic_Circuit_Ablation_Half_Risk_2026-05-28 12:53:16,65758f47b64841c09039a94ceb044d59,Loss: Batch Best,19,0.099362663924694,1779967281375,get_metrics
logic-circuit-ablation-half-risk,Logic_Circuit_Ablation_Half_Risk_2026-05-28 12:53:16,65758f47b64841c09039a94ceb044d59,Loss: Batch Best,20,0.1393362134695053,1779967382759,get_metrics
logic-circuit-ablation-half-risk,Logic_Circuit_Ablation_Half_Risk_2026-05-28 12:53:16,65758f47b64841c09039a94ceb044d59,Loss: Batch Best,21,0.1566957384347915,1779967494854,get_metrics
logic-circuit-ablation-half-risk,Logic_Circuit_Ablation_Half_Risk_2026-05-28 12:53:16,65758f47b64841c09039a94ceb044d59,Loss: Batch Best,22,0.1007690802216529,1779967559306,get_metrics
logic-circuit-ablation-half-risk,Logic_Circuit_Ablation_Half_Risk_2026-05-28 12:53:16,65758f47b64841c09039a94ceb044d59,Loss: Batch Best,23,0.0958621725440025,1779967625899,get_metrics
logic-circuit-ablation-half-risk,Logic_Circuit_Ablation_Half_Risk_2026-05-28 12:53:16,65758f47b64841c09039a94ceb044d59,Loss: Batch Best,24,0.0929585471749305,1779967713126,get_metrics
logic-circuit-ablation-half-risk,Logic_Circuit_Ablation_Half_Risk_2026-05-28 12:53:16,65758f47b64841c09039a94ceb044d59,Loss: Batch Best,25,0.0731018409132957,1779967816383,get_metrics
logic-circuit-ablation-half-risk,Logic_Circuit_Ablation_Half_Risk_2026-05-28 12:53:16,65758f47b64841c09039a94ceb044d59,Loss: Batch Best,26,0.0779154896736145,1779967925024,get_metrics
logic-circuit-ablation-half-risk,Logic_Circuit_Ablation_Half_Risk_2026-05-28 12:53:16,65758f47b64841c09039a94ceb044d59,Loss: Batch Best,27,0.075782835483551,1779967987032,get_metrics
logic-circuit-ablation-half-risk,Logic_Circuit_Ablation_Half_Risk_2026-05-28 12:53:16,65758f47b64841c09039a94ceb044d59,Loss: Batch Best,28,0.0635836794972419,1779968052490,get_metrics
logic-circuit-ablation-half-risk,Logic_Circuit_Ablation_Half_Risk_2026-05-28 12:53:16,65758f47b64841c09039a94ceb044d59,Loss: Batch Best,29,0.0567753799259662,1779968143096,get_metrics
logic-circuit-ablation-half-risk,Logic_Circuit_Ablation_Half_Risk_2026-05-28 12:53:16,65758f47b64841c09039a94ceb044d59,Loss: Batch Best,30,0.0379265435039997,1779968238441,get_metrics
logic-circuit-ablation-half-risk,Logic_Circuit_Ablation_Half_Risk_2026-05-28 12:53:16,65758f47b64841c09039a94ceb044d59,Loss: Batch Best,31,0.0397586151957511,1779968352935,get_metrics
logic-circuit-ablation-half-risk,Logic_Circuit_Ablation_Half_Risk_2026-05-28 12:53:16,65758f47b64841c09039a94ceb044d59,Loss: Batch Best,32,0.0524363406002521,1779968415442,get_metrics
logic-circuit-ablation-half-risk,Logic_Circuit_Ablation_Half_Risk_2026-05-28 12:53:16,65758f47b64841c09039a94ceb044d59,Loss: Batch Best,33,0.0502757206559181,1779968484197,get_metrics
logic-circuit-ablation-half-risk,Logic_Circuit_Ablation_Half_Risk_2026-05-28 12:53:16,65758f47b64841c09039a94ceb044d59,Loss: Batch Best,34,0.0514981411397457,1779968571731,get_metrics
logic-circuit-ablation-half-risk,Logic_Circuit_Ablation_Half_Risk_2026-05-28 12:53:16,65758f47b64841c09039a94ceb044d59,Loss: Batch Best,35,0.0547759197652339,1779968677587,get_metrics
logic-circuit-ablation-half-risk,Logic_Circuit_Ablation_Half_Risk_2026-05-28 12:53:16,65758f47b64841c09039a94ceb044d59,Loss: Batch Best,36,0.0525975562632083,1779968781292,get_metrics
logic-circuit-ablation-half-risk,Logic_Circuit_Ablation_Half_Risk_2026-05-28 12:53:16,65758f47b64841c09039a94ceb044d59,Loss: Batch Best,37,0.0371841751039028,1779968844068,get_metrics
logic-circuit-ablation-half-risk,Logic_Circuit_Ablation_Half_Risk_2026-05-28 12:53:16,65758f47b64841c09039a94ceb044d59,Loss: Batch Best,38,0.0361457243561744,1779968916348,get_metrics
logic-circuit-ablation-half-risk,Logic_Circuit_Ablation_Half_Risk_2026-05-28 12:53:16,65758f47b64841c09039a94ceb044d59,Loss: Batch Best,39,0.0524764321744442,1779969000281,get_metrics
logic-circuit-ablation-half-risk,Logic_Circuit_Ablation_Half_Risk_2026-05-28 12:53:16,65758f47b64841c09039a94ceb044d59,Loss: Batch Best,40,0.0363713912665843,1779969102495,get_metrics
logic-circuit-ablation-half-risk,Logic_Circuit_Ablation_Half_Risk_2026-05-28 12:53:16,65758f47b64841c09039a94ceb044d59,Loss: Batch Best,41,0.0303299147635698,1779969205609,get_metrics
logic-circuit-ablation-half-risk,Logic_Circuit_Ablation_Half_Risk_2026-05-28 12:53:16,65758f47b64841c09039a94ceb044d59,Loss: Batch Best,42,0.0399540662765502,1779969269212,get_metrics
logic-circuit-ablation-half-risk,Logic_Circuit_Ablation_Half_Risk_2026-05-28 12:53:16,65758f47b64841c09039a94ceb044d59,Loss: Batch Best,43,0.0353006124496459,1779969344829,get_metrics
logic-circuit-ablation-half-risk,Logic_Circuit_Ablation_Half_Risk_2026-05-28 12:53:16,65758f47b64841c09039a94ceb044d59,Loss: Batch Best,44,0.0373465009033679,1779969427615,get_metrics
logic-circuit-ablation-half-risk,Logic_Circuit_Ablation_Half_Risk_2026-05-28 12:53:16,65758f47b64841c09039a94ceb044d59,Loss: Batch Best,45,0.0438913889229297,1779969509059,get_metrics
logic-circuit-ablation-half-risk,Logic_Circuit_Ablation_Half_Risk_2026-05-28 12:53:16,65758f47b64841c09039a94ceb044d59,Loss: Batch Best,46,0.0359966866672039,1779969611666,get_metrics
logic-circuit-ablation-half-risk,Logic_Circuit_Ablation_Half_Risk_2026-05-28 12:53:16,65758f47b64841c09039a94ceb044d59,Loss: Batch Best,47,0.0379756689071655,1779969675183,get_metrics
logic-circuit-ablation-half-risk,Logic_Circuit_Ablation_Half_Risk_2026-05-28 12:53:16,65758f47b64841c09039a94ceb044d59,Loss: Batch Best,48,0.0400596670806407,1779969750917,get_metrics
logic-circuit-ablation-half-risk,Logic_Circuit_Ablation_Half_Risk_2026-05-28 12:53:16,65758f47b64841c09039a94ceb044d59,Loss: Batch Best,49,0.0364956147968769,1779969845678,get_metrics
logic-circuit-ablation-half-risk,Logic_Circuit_Ablation_Half_Risk_2026-05-28 12:53:16,65758f47b64841c09039a94ceb044d59,Loss: Batch Best,50,0.0339834429323673,1779969946058,get_metrics
logic-circuit-ablation-half-risk,Logic_Circuit_Ablation_Half_Risk_2026-05-28 12:53:16,65758f47b64841c09039a94ceb044d59,Loss: Batch Best,51,0.0369920469820499,1779970033104,get_metrics
logic-circuit-ablation-half-risk,Logic_Circuit_Ablation_Half_Risk_2026-05-28 12:53:16,65758f47b64841c09039a94ceb044d59,Loss: Batch Best,52,0.0284945014864206,1779970096464,get_metrics
logic-circuit-ablation-half-risk,Logic_Circuit_Ablation_Half_Risk_2026-05-28 12:53:16,65758f47b64841c09039a94ceb044d59,Loss: Batch Best,53,0.0361283160746097,1779970193946,get_metrics
logic-circuit-ablation-half-risk,Logic_Circuit_Ablation_Half_Risk_2026-05-28 12:53:16,65758f47b64841c09039a94ceb044d59,Loss: Batch Best,54,0.040042720735073,1779970275910,get_metrics
logic-circuit-ablation-half-risk,Logic_Circuit_Ablation_Half_Risk_2026-05-28 12:53:16,65758f47b64841c09039a94ceb044d59,Loss: Batch Best,55,0.0267736595124006,1779970358112,get_metrics
logic-circuit-ablation-half-risk,Logic_Circuit_Ablation_Half_Risk_2026-05-28 12:53:16,65758f47b64841c09039a94ceb044d59,Loss: Batch Best,56,0.0380079559981823,1779970443439,get_metrics
logic-circuit-ablation-half-risk,Logic_Circuit_Ablation_Half_Risk_2026-05-28 12:53:16,65758f47b64841c09039a94ceb044d59,Loss: Batch Best,57,0.0289416518062353,1779970504817,get_metrics
logic-circuit-ablation-half-risk,Logic_Circuit_Ablation_Half_Risk_2026-05-28 12:53:16,65758f47b64841c09039a94ceb044d59,Loss: Batch Best,58,0.036892645061016,1779970601968,get_metrics
logic-circuit-ablation-half-risk,Logic_Circuit_Ablation_Half_Risk_2026-05-28 12:53:16,65758f47b64841c09039a94ceb044d59,Loss: Batch Best,59,0.0359876565635204,1779970691926,get_metrics
logic-circuit-ablation-half-risk,Logic_Circuit_Ablation_Half_Risk_2026-05-28 12:53:16,65758f47b64841c09039a94ceb044d59,Loss: Batch Best,60,0.0319714732468128,1779970770182,get_metrics
logic-circuit-ablation-half-risk,Logic_Circuit_Ablation_Half_Risk_2026-05-28 12:53:16,65758f47b64841c09039a94ceb044d59,Loss: Batch Best,61,0.0339918807148933,1779970855920,get_metrics
logic-circuit-ablation-half-risk,Logic_Circuit_Ablation_Half_Risk_2026-05-28 12:53:16,65758f47b64841c09039a94ceb044d59,Loss: Batch Best,62,0.0264064129441976,1779970918936,get_metrics
logic-circuit-ablation-half-risk,Logic_Circuit_Ablation_Half_Risk_2026-05-28 12:53:16,65758f47b64841c09039a94ceb044d59,Loss: Batch Best,63,0.0314559303224086,1779971004568,get_metrics
logic-circuit-ablation-half-risk,Logic_Circuit_Ablation_Half_Risk_2026-05-28 12:53:16,65758f47b64841c09039a94ceb044d59,Loss: Batch Best,64,0.0265936963260173,1779971102978,get_metrics
logic-circuit-ablation-half-risk,Logic_Circuit_Ablation_Half_Risk_2026-05-28 12:53:16,65758f47b64841c09039a94ceb044d59,Loss: Batch Best,65,0.0289897378534078,1779971185579,get_metrics
logic-circuit-ablation-half-risk,Logic_Circuit_Ablation_Half_Risk_2026-05-28 12:53:16,65758f47b64841c09039a94ceb044d59,Loss: Batch Best,66,0.0288731604814529,1779971271493,get_metrics
logic-circuit-ablation-half-risk,Logic_Circuit_Ablation_Half_Risk_2026-05-28 12:53:16,65758f47b64841c09039a94ceb044d59,Loss: Batch Best,67,0.0275011528283357,1779971346720,get_metrics
logic-circuit-ablation-half-risk,Logic_Circuit_Ablation_Half_Risk_2026-05-28 12:53:16,65758f47b64841c09039a94ceb044d59,Loss: Batch Best,68,0.03044462390244,1779971443736,get_metrics
logic-circuit-ablation-half-risk,Logic_Circuit_Ablation_Half_Risk_2026-05-28 12:53:16,65758f47b64841c09039a94ceb044d59,Loss: Batch Best,69,0.0295411702245473,1779971521296,get_metrics
logic-circuit-ablation-half-risk,Logic_Circuit_Ablation_Half_Risk_2026-05-28 12:53:16,65758f47b64841c09039a94ceb044d59,Loss: Batch Best,70,0.0315020680427551,1779971596290,get_metrics
logic-circuit-ablation-half-risk,Logic_Circuit_Ablation_Half_Risk_2026-05-28 12:53:16,65758f47b64841c09039a94ceb044d59,Loss: Batch Best,71,0.0263224616646766,1779971680975,get_metrics
logic-circuit-ablation-half-risk,Logic_Circuit_Ablation_Half_Risk_2026-05-28 12:53:16,65758f47b64841c09039a94ceb044d59,Loss: Batch Best,72,0.0279340259730815,1779971755731,get_metrics
logic-circuit-ablation-half-risk,Logic_Circuit_Ablation_Half_Risk_2026-05-28 12:53:16,65758f47b64841c09039a94ceb044d59,Loss: Batch Best,73,0.027610732242465,1779971848285,get_metrics
logic-circuit-ablation-half-risk,Logic_Circuit_Ablation_Half_Risk_2026-05-28 12:53:16,65758f47b64841c09039a94ceb044d59,Loss: Batch Best,74,0.0277327988296747,1779971946368,get_metrics
logic-circuit-ablation-half-risk,Logic_Circuit_Ablation_Half_Risk_2026-05-28 12:53:16,65758f47b64841c09039a94ceb044d59,Loss: Batch Best,75,0.0290383249521255,1779972006957,get_metrics
logic-circuit-ablation-half-risk,Logic_Circuit_Ablation_Half_Risk_2026-05-28 12:53:16,65758f47b64841c09039a94ceb044d59,Loss: Batch Best,76,0.0280142240226268,1779972093058,get_metrics
logic-circuit-ablation-half-risk,Logic_Circuit_Ablation_Half_Risk_2026-05-28 12:53:16,65758f47b64841c09039a94ceb044d59,Loss: Batch Best,77,0.0276153814047575,1779972186209,get_metrics
logic-circuit-ablation-half-risk,Logic_Circuit_Ablation_Half_Risk_2026-05-28 12:53:16,65758f47b64841c09039a94ceb044d59,Loss: Batch Best,78,0.0278944578021764,1779972262885,get_metrics
logic-circuit-ablation-half-risk,Logic_Circuit_Ablation_Half_Risk_2026-05-28 12:53:16,65758f47b64841c09039a94ceb044d59,Loss: Batch Best,79,0.0265653487294912,1779972347328,get_metrics
logic-circuit-ablation-half-risk,Logic_Circuit_Ablation_Half_Risk_2026-05-28 12:53:16,65758f47b64841c09039a94ceb044d59,Loss: Batch Best,80,0.0282733924686908,1779972409971,get_metrics
logic-circuit-ablation-half-risk,Logic_Circuit_Ablation_Half_Risk_2026-05-28 12:53:16,65758f47b64841c09039a94ceb044d59,Loss: Batch Best,81,0.0265374016016721,1779972495436,get_metrics
logic-circuit-ablation-half-risk,Logic_Circuit_Ablation_Half_Risk_2026-05-28 12:53:16,65758f47b64841c09039a94ceb044d59,Loss: Batch Best,82,0.0259702559560537,1779972583817,get_metrics
logic-circuit-ablation-half-risk,Logic_Circuit_Ablation_Half_Risk_2026-05-28 12:53:16,65758f47b64841c09039a94ceb044d59,Loss: Batch Best,83,0.0276301465928554,1779972680181,get_metrics
logic-circuit-ablation-half-risk,Logic_Circuit_Ablation_Half_Risk_2026-05-28 12:53:16,65758f47b64841c09039a94ceb044d59,Loss: Batch Best,84,0.0294523257762193,1779972759647,get_metrics
logic-circuit-ablation-half-risk,Logic_Circuit_Ablation_Half_Risk_2026-05-28 12:53:16,65758f47b64841c09039a94ceb044d59,Loss: Batch Best,85,0.0266702193766832,1779972820261,get_metrics
logic-circuit-ablation-half-risk,Logic_Circuit_Ablation_Half_Risk_2026-05-28 12:53:16,65758f47b64841c09039a94ceb044d59,Loss: Batch Best,86,0.0295573007315397,1779972916684,get_metrics
logic-circuit-ablation-half-risk,Logic_Circuit_Ablation_Half_Risk_2026-05-28 12:53:16,65758f47b64841c09039a94ceb044d59,Loss: Batch Best,87,0.0294790957123041,1779973007275,get_metrics
logic-circuit-ablation-half-risk,Logic_Circuit_Ablation_Half_Risk_2026-05-28 12:53:16,65758f47b64841c09039a94ceb044d59,Loss: Batch Best,88,0.0279029980301857,1779973084347,get_metrics
logic-circuit-ablation-half-risk,Logic_Circuit_Ablation_Half_Risk_2026-05-28 12:53:16,65758f47b64841c09039a94ceb044d59,Loss: Batch Best,89,0.0291404537856578,1779973155549,get_metrics
logic-circuit-ablation-half-risk,Logic_Circuit_Ablation_Half_Risk_2026-05-28 12:53:16,65758f47b64841c09039a94ceb044d59,Loss: Batch Best,90,0.0300025064498186,1779973217465,get_metrics
logic-circuit-ablation-half-risk,Logic_Circuit_Ablation_Half_Risk_2026-05-28 12:53:16,65758f47b64841c09039a94ceb044d59,Loss: Batch Best,91,0.028609275817871,1779973315885,get_metrics
logic-circuit-ablation-half-risk,Logic_Circuit_Ablation_Half_Risk_2026-05-28 12:53:16,65758f47b64841c09039a94ceb044d59,Loss: Batch Best,92,0.0268551874905824,1779973410723,get_metrics
logic-circuit-ablation-half-risk,Logic_Circuit_Ablation_Half_Risk_2026-05-28 12:53:16,65758f47b64841c09039a94ceb044d59,Loss: Batch Best,93,0.0277333483099937,1779973505656,get_metrics
logic-circuit-ablation-half-risk,Logic_Circuit_Ablation_Half_Risk_2026-05-28 12:53:16,65758f47b64841c09039a94ceb044d59,Loss: Batch Best,94,0.0265315324068069,1779973569354,get_metrics
logic-circuit-ablation-half-risk,Logic_Circuit_Ablation_Half_Risk_2026-05-28 12:53:16,65758f47b64841c09039a94ceb044d59,Loss: Batch Best,95,0.0281904432922601,1779973629035,get_metrics
logic-circuit-ablation-half-risk,Logic_Circuit_Ablation_Half_Risk_2026-05-28 12:53:16,65758f47b64841c09039a94ceb044d59,Loss: Batch Best,96,0.026911437511444,1779973731113,get_metrics
logic-circuit-ablation-half-risk,Logic_Circuit_Ablation_Half_Risk_2026-05-28 12:53:16,65758f47b64841c09039a94ceb044d59,Loss: Batch Best,97,0.0275501944124698,1779973821377,get_metrics
logic-circuit-ablation-half-risk,Logic_Circuit_Ablation_Half_Risk_2026-05-28 12:53:16,65758f47b64841c09039a94ceb044d59,Loss: Batch Best,98,0.0288324393332004,1779973916483,get_metrics
logic-circuit-ablation-half-risk,Logic_Circuit_Ablation_Half_Risk_2026-05-28 12:53:16,65758f47b64841c09039a94ceb044d59,Loss: Batch Best,99,0.0278282295912504,1779973981806,get_metrics
logic-circuit-ablation-half-risk,Logic_Circuit_Ablation_Half_Risk_2026-05-28 12:53:16,65758f47b64841c09039a94ceb044d59,Loss: Batch Best,100,0.026186566799879,1779974044295,get_metrics
logic-circuit-ablation-half-risk,Logic_Circuit_Ablation_Half_Risk_2026-05-28 12:53:16,65758f47b64841c09039a94ceb044d59,Loss: Batch Best,101,0.0259550213813781,1779974146146,get_metrics
logic-circuit-ablation-half-risk,Logic_Circuit_Ablation_Half_Risk_2026-05-28 12:53:16,65758f47b64841c09039a94ceb044d59,Loss: Batch Best,102,0.0258920118212699,1779974233786,get_metrics
logic-circuit-ablation-half-risk,Logic_Circuit_Ablation_Half_Risk_2026-05-28 12:53:16,65758f47b64841c09039a94ceb044d59,Loss: Batch Best,103,0.0270506367087364,1779974330602,get_metrics
logic-circuit-ablation-half-risk,Logic_Circuit_Ablation_Half_Risk_2026-05-28 12:53:16,65758f47b64841c09039a94ceb044d59,Loss: Batch Best,104,0.0262308847159147,1779974392800,get_metrics
logic-circuit-ablation-half-risk,Logic_Circuit_Ablation_Half_Risk_2026-05-28 12:53:16,65758f47b64841c09039a94ceb044d59,Loss: Batch Best,105,0.0271641537547111,1779974454998,get_metrics
logic-circuit-ablation-half-risk,Logic_Circuit_Ablation_Half_Risk_2026-05-28 12:53:16,65758f47b64841c09039a94ceb044d59,Loss: Batch Best,106,0.0264140386134386,1779974567725,get_metrics
logic-circuit-ablation-half-risk,Logic_Circuit_Ablation_Half_Risk_2026-05-28 12:53:16,65758f47b64841c09039a94ceb044d59,Loss: Batch Best,107,0.0256956629455089,1779974649512,get_metrics
logic-circuit-ablation-half-risk,Logic_Circuit_Ablation_Half_Risk_2026-05-28 12:53:16,65758f47b64841c09039a94ceb044d59,Loss: Batch Best,108,0.0286073740571737,1779974746464,get_metrics
logic-circuit-ablation-half-risk,Logic_Circuit_Ablation_Half_Risk_2026-05-28 12:53:16,65758f47b64841c09039a94ceb044d59,Loss: Batch Best,109,0.0264743510633707,1779974807440,get_metrics
logic-circuit-ablation-half-risk,Logic_Circuit_Ablation_Half_Risk_2026-05-28 12:53:16,65758f47b64841c09039a94ceb044d59,Loss: Batch Best,110,0.025883937254548,1779974870331,get_metrics
logic-circuit-ablation-half-risk,Logic_Circuit_Ablation_Half_Risk_2026-05-28 12:53:16,65758f47b64841c09039a94ceb044d59,Loss: Batch Best,111,0.0268583241850137,1779974994260,get_metrics
logic-circuit-ablation-half-risk,Logic_Circuit_Ablation_Half_Risk_2026-05-28 12:53:16,65758f47b64841c09039a94ceb044d59,Loss: Batch Best,112,0.0261014327406883,1779975072371,get_metrics
logic-circuit-ablation-half-risk,Logic_Circuit_Ablation_Half_Risk_2026-05-28 12:53:16,65758f47b64841c09039a94ceb044d59,Loss: Batch Best,113,0.0267357639968395,1779975163220,get_metrics
logic-circuit-ablation-half-risk,Logic_Circuit_Ablation_Half_Risk_2026-05-28 12:53:16,65758f47b64841c09039a94ceb044d59,Loss: Batch Best,114,0.0266483295708894,1779975224886,get_metrics
logic-circuit-ablation-half-risk,Logic_Circuit_Ablation_Half_Risk_2026-05-28 12:53:16,65758f47b64841c09039a94ceb044d59,Loss: Batch Best,115,0.0258770007640123,1779975285732,get_metrics
logic-circuit-ablation-half-risk,Logic_Circuit_Ablation_Half_Risk_2026-05-28 12:53:16,65758f47b64841c09039a94ceb044d59,Loss: Batch Best,116,0.0265848245471715,1779975407087,get_metrics
logic-circuit-ablation-half-risk,Logic_Circuit_Ablation_Half_Risk_2026-05-28 12:53:16,65758f47b64841c09039a94ceb044d59,Loss: Batch Best,117,0.0261782314628362,1779975508589,get_metrics
logic-circuit-ablation-half-risk,Logic_Circuit_Ablation_Half_Risk_2026-05-28 12:53:16,65758f47b64841c09039a94ceb044d59,Loss: Batch Best,118,0.0261069498956203,1779975584081,get_metrics
logic-circuit-ablation-half-risk,Logic_Circuit_Ablation_Half_Risk_2026-05-28 12:53:16,65758f47b64841c09039a94ceb044d59,Loss: Batch Best,119,0.025875000283122,1779975646129,get_metrics
logic-circuit-ablation-half-risk,Logic_Circuit_Ablation_Half_Risk_2026-05-28 12:53:16,65758f47b64841c09039a94ceb044d59,Loss: Batch Best,120,0.0261824708431959,1779975707371,get_metrics
logic-circuit-ablation-half-risk,Logic_Circuit_Ablation_Half_Risk_2026-05-28 12:53:16,65758f47b64841c09039a94ceb044d59,Loss: Batch Best,121,0.0257971975952386,1779975822194,get_metrics
logic-circuit-ablation-half-risk,Logic_Circuit_Ablation_Half_Risk_2026-05-28 12:53:16,65758f47b64841c09039a94ceb044d59,Loss: Batch Best,122,0.0256236493587493,1779975918246,get_metrics
logic-circuit-ablation-half-risk,Logic_Circuit_Ablation_Half_Risk_2026-05-28 12:53:16,65758f47b64841c09039a94ceb044d59,Loss: Batch Best,123,0.0258798375725746,1779976000529,get_metrics
logic-circuit-ablation-half-risk,Logic_Circuit_Ablation_Half_Risk_2026-05-28 12:53:16,65758f47b64841c09039a94ceb044d59,Loss: Batch Best,124,0.0258670300245285,1779976061994,get_metrics
logic-circuit-ablation-half-risk,Logic_Circuit_Ablation_Half_Risk_2026-05-28 12:53:16,65758f47b64841c09039a94ceb044d59,Loss: Batch Best,125,0.0259010158479213,1779976124130,get_metrics
logic-circuit-ablation-half-risk,Logic_Circuit_Ablation_Half_Risk_2026-05-28 12:53:16,65758f47b64841c09039a94ceb044d59,Loss: Batch Best,126,0.0258868746459484,1779976259220,get_metrics
logic-circuit-ablation-half-risk,Logic_Circuit_Ablation_Half_Risk_2026-05-28 12:53:16,65758f47b64841c09039a94ceb044d59,Loss: Batch Best,127,0.0260127130895853,1779976339070,get_metrics
logic-circuit-ablation-half-risk,Logic_Circuit_Ablation_Half_Risk_2026-05-28 12:53:16,65758f47b64841c09039a94ceb044d59,Loss: Batch Best,128,0.0258701331913471,1779976413722,get_metrics
logic-circuit-ablation-half-risk,Logic_Circuit_Ablation_Half_Risk_2026-05-28 12:53:16,65758f47b64841c09039a94ceb044d59,Loss: Batch Best,129,0.0259001329541206,1779976475399,get_metrics
logic-circuit-ablation-half-risk,Logic_Circuit_Ablation_Half_Risk_2026-05-28 12:53:16,65758f47b64841c09039a94ceb044d59,Loss: Batch Best,130,0.0259471852332353,1779976548407,get_metrics
logic-circuit-ablation-half-risk,Logic_Circuit_Ablation_Half_Risk_2026-05-28 12:53:16,65758f47b64841c09039a94ceb044d59,Loss: Batch Best,131,0.0259142816066741,1779976658951,get_metrics
logic-circuit-ablation-half-risk,Logic_Circuit_Ablation_Half_Risk_2026-05-28 12:53:16,65758f47b64841c09039a94ceb044d59,Loss: Batch Best,132,0.0258240196853876,1779976752254,get_metrics
logic-circuit-ablation-half-risk,Logic_Circuit_Ablation_Half_Risk_2026-05-28 12:53:16,65758f47b64841c09039a94ceb044d59,Loss: Batch Best,133,0.0258818659931421,1779976817138,get_metrics
logic-circuit-ablation-half-risk,Logic_Circuit_Ablation_Half_Risk_2026-05-28 12:53:16,65758f47b64841c09039a94ceb044d59,Loss: Batch Best,134,0.0258947927504777,1779976878481,get_metrics
logic-circuit-ablation-half-risk,Logic_Circuit_Ablation_Half_Risk_2026-05-28 12:53:16,65758f47b64841c09039a94ceb044d59,Loss: Batch Best,135,0.0258721597492694,1779976951758,get_metrics
logic-circuit-ablation-half-risk,Logic_Circuit_Ablation_Half_Risk_2026-05-28 12:53:16,65758f47b64841c09039a94ceb044d59,Loss: Batch Best,136,0.0258902125060558,1779977089787,get_metrics
logic-circuit-ablation-half-risk,Logic_Circuit_Ablation_Half_Risk_2026-05-28 12:53:16,65758f47b64841c09039a94ceb044d59,Loss: Batch Best,137,0.025394782423973,1779977167180,get_metrics
logic-circuit-ablation-half-risk,Logic_Circuit_Ablation_Half_Risk_2026-05-28 12:53:16,65758f47b64841c09039a94ceb044d59,Loss: Batch Best,138,0.0258679054677486,1779977228977,get_metrics
logic-circuit-ablation-half-risk,Logic_Circuit_Ablation_Half_Risk_2026-05-28 12:53:16,65758f47b64841c09039a94ceb044d59,Loss: Batch Best,139,0.0259055569767951,1779977293030,get_metrics
logic-circuit-ablation-half-risk,Logic_Circuit_Ablation_Half_Risk_2026-05-28 12:53:16,65758f47b64841c09039a94ceb044d59,Loss: Batch Best,140,0.0258705019950866,1779977389257,get_metrics
logic-circuit-ablation-half-risk,Logic_Circuit_Ablation_Half_Risk_2026-05-28 12:53:16,65758f47b64841c09039a94ceb044d59,Loss: Batch Best,141,0.0260670017451047,1779977503549,get_metrics
logic-circuit-ablation-half-risk,Logic_Circuit_Ablation_Half_Risk_2026-05-28 12:53:16,65758f47b64841c09039a94ceb044d59,Loss: Batch Best,142,0.0259379092603921,1779977579353,get_metrics
logic-circuit-ablation-half-risk,Logic_Circuit_Ablation_Half_Risk_2026-05-28 12:53:16,65758f47b64841c09039a94ceb044d59,Loss: Batch Best,143,0.0258976127952337,1779977640534,get_metrics
logic-circuit-ablation-half-risk,Logic_Circuit_Ablation_Half_Risk_2026-05-28 12:53:16,65758f47b64841c09039a94ceb044d59,Loss: Batch Best,144,0.0259039737284183,1779977704990,get_metrics
logic-circuit-ablation-half-risk,Logic_Circuit_Ablation_Half_Risk_2026-05-28 12:53:16,65758f47b64841c09039a94ceb044d59,Loss: Batch Best,145,0.0258832927793264,1779977789531,get_metrics
logic-circuit-ablation-half-risk,Logic_Circuit_Ablation_Half_Risk_2026-05-28 12:53:16,65758f47b64841c09039a94ceb044d59,Loss: Batch Best,146,0.0258893240243196,1779977921522,get_metrics
logic-circuit-ablation-half-risk,Logic_Circuit_Ablation_Half_Risk_2026-05-28 12:53:16,65758f47b64841c09039a94ceb044d59,Loss: Batch Best,147,0.0259053017944097,1779977983429,get_metrics
logic-circuit-ablation-half-risk,Logic_Circuit_Ablation_Half_Risk_2026-05-28 12:53:16,65758f47b64841c09039a94ceb044d59,Loss: Batch Best,148,0.0259853862226009,1779978046590,get_metrics
logic-circuit-ablation-half-risk,Logic_Circuit_Ablation_Half_Risk_2026-05-28 12:53:16,65758f47b64841c09039a94ceb044d59,Loss: Batch Best,149,0.0258712396025657,1779978120180,get_metrics
logic-circuit-ablation-half-risk,Logic_Circuit_Ablation_Half_Risk_2026-05-28 12:53:16,65758f47b64841c09039a94ceb044d59,Loss: Batch Best,150,0.0258746370673179,1779978217121,get_metrics
logic-circuit-ablation-half-risk,Logic_Circuit_Ablation_Half_Risk_2026-05-28 12:53:16,65758f47b64841c09039a94ceb044d59,Loss: Batch Best,151,0.0258709825575351,1779978328257,get_metrics
logic-circuit-ablation-half-risk,Logic_Circuit_Ablation_Half_Risk_2026-05-28 12:53:16,65758f47b64841c09039a94ceb044d59,Loss: Batch Best,152,0.0259139835834503,1779978390430,get_metrics
logic-circuit-ablation-half-risk,Logic_Circuit_Ablation_Half_Risk_2026-05-28 12:53:16,65758f47b64841c09039a94ceb044d59,Loss: Batch Best,153,0.0258722584694623,1779978453136,get_metrics
logic-circuit-ablation-half-risk,Logic_Circuit_Ablation_Half_Risk_2026-05-28 12:53:16,65758f47b64841c09039a94ceb044d59,Loss: Batch Best,154,0.0258676651865243,1779978546526,get_metrics
logic-circuit-ablation-half-risk,Logic_Circuit_Ablation_Half_Risk_2026-05-28 12:53:16,65758f47b64841c09039a94ceb044d59,Loss: Batch Best,155,0.0258923768997192,1779978639907,get_metrics
logic-circuit-ablation-half-risk,Logic_Circuit_Ablation_Half_Risk_2026-05-28 12:53:16,65758f47b64841c09039a94ceb044d59,Loss: Batch Best,156,0.0258609671145677,1779978741809,get_metrics
logic-circuit-ablation-half-risk,Logic_Circuit_Ablation_Half_Risk_2026-05-28 12:53:16,65758f47b64841c09039a94ceb044d59,Loss: Batch Best,157,0.0253059174865484,1779978804323,get_metrics
logic-circuit-ablation-half-risk,Logic_Circuit_Ablation_Half_Risk_2026-05-28 12:53:16,65758f47b64841c09039a94ceb044d59,Loss: Batch Best,158,0.0259206034243106,1779978877841,get_metrics
logic-circuit-ablation-half-risk,Logic_Circuit_Ablation_Half_Risk_2026-05-28 12:53:16,65758f47b64841c09039a94ceb044d59,Loss: Batch Best,159,0.0259030424058437,1779978969406,get_metrics
logic-circuit-ablation-half-risk,Logic_Circuit_Ablation_Half_Risk_2026-05-28 12:53:16,65758f47b64841c09039a94ceb044d59,Loss: Batch Best,160,0.025391049683094,1779979063933,get_metrics
logic-circuit-ablation-half-risk,Logic_Circuit_Ablation_Half_Risk_2026-05-28 12:53:16,65758f47b64841c09039a94ceb044d59,Loss: Batch Best,161,0.0258725676685571,1779979148695,get_metrics
logic-circuit-ablation-half-risk,Logic_Circuit_Ablation_Half_Risk_2026-05-28 12:53:16,65758f47b64841c09039a94ceb044d59,Loss: Batch Best,162,0.0258820876479148,1779979213597,get_metrics
logic-circuit-ablation-half-risk,Logic_Circuit_Ablation_Half_Risk_2026-05-28 12:53:16,65758f47b64841c09039a94ceb044d59,Loss: Batch Best,163,0.0258581340312957,1779979302688,get_metrics
logic-circuit-ablation-half-risk,Logic_Circuit_Ablation_Half_Risk_2026-05-28 12:53:16,65758f47b64841c09039a94ceb044d59,Loss: Batch Best,164,0.0260221827775239,1779979396165,get_metrics
logic-circuit-ablation-half-risk,Logic_Circuit_Ablation_Half_Risk_2026-05-28 12:53:16,65758f47b64841c09039a94ceb044d59,Loss: Batch Best,165,0.0258636940270662,1779979480762,get_metrics
logic-circuit-ablation-half-risk,Logic_Circuit_Ablation_Half_Risk_2026-05-28 12:53:16,65758f47b64841c09039a94ceb044d59,Loss: Batch Best,166,0.0257883202284574,1779979565448,get_metrics
logic-circuit-ablation-half-risk,Logic_Circuit_Ablation_Half_Risk_2026-05-28 12:53:16,65758f47b64841c09039a94ceb044d59,Loss: Batch Best,167,0.025897404178977,1779979640032,get_metrics
logic-circuit-ablation-half-risk,Logic_Circuit_Ablation_Half_Risk_2026-05-28 12:53:16,65758f47b64841c09039a94ceb044d59,Loss: Batch Best,168,0.0259496215730905,1779979737981,get_metrics
logic-circuit-ablation-half-risk,Logic_Circuit_Ablation_Half_Risk_2026-05-28 12:53:16,65758f47b64841c09039a94ceb044d59,Loss: Batch Best,169,0.0255705751478672,1779979838098,get_metrics
logic-circuit-ablation-half-risk,Logic_Circuit_Ablation_Half_Risk_2026-05-28 12:53:16,65758f47b64841c09039a94ceb044d59,Loss: Batch Best,170,0.0254884157329797,1779979901377,get_metrics
logic-circuit-ablation-half-risk,Logic_Circuit_Ablation_Half_Risk_2026-05-28 12:53:16,65758f47b64841c09039a94ceb044d59,Loss: Batch Best,171,0.0258647110313177,1779979988532,get_metrics
logic-circuit-ablation-half-risk,Logic_Circuit_Ablation_Half_Risk_2026-05-28 12:53:16,65758f47b64841c09039a94ceb044d59,Loss: Batch Best,172,0.0258715376257896,1779980089865,get_metrics
logic-circuit-ablation-half-risk,Logic_Circuit_Ablation_Half_Risk_2026-05-28 12:53:16,65758f47b64841c09039a94ceb044d59,Loss: Batch Best,173,0.0254938434809446,1779980174911,get_metrics
logic-circuit-ablation-half-risk,Logic_Circuit_Ablation_Half_Risk_2026-05-28 12:53:16,65758f47b64841c09039a94ceb044d59,Loss: Batch Best,174,0.0258831661194562,1779980258678,get_metrics
logic-circuit-ablation-half-risk,Logic_Circuit_Ablation_Half_Risk_2026-05-28 12:53:16,65758f47b64841c09039a94ceb044d59,Loss: Batch Best,175,0.0258683376014232,1779980321375,get_metrics
logic-circuit-ablation-half-risk,Logic_Circuit_Ablation_Half_Risk_2026-05-28 12:53:16,65758f47b64841c09039a94ceb044d59,Loss: Batch Best,176,0.0258850902318954,1779980406599,get_metrics
logic-circuit-ablation-half-risk,Logic_Circuit_Ablation_Half_Risk_2026-05-28 12:53:16,65758f47b64841c09039a94ceb044d59,Loss: Batch Best,177,0.0259673371911048,1779980469925,get_metrics
logic-circuit-ablation-half-risk,Logic_Circuit_Ablation_Half_Risk_2026-05-28 12:53:16,65758f47b64841c09039a94ceb044d59,Loss: Batch Best,178,0.0257632508873939,1779980532356,get_metrics
logic-circuit-ablation-half-risk,Logic_Circuit_Ablation_Half_Risk_2026-05-28 12:53:16,65758f47b64841c09039a94ceb044d59,Loss: Batch Best,179,0.0255861040204763,1779980594886,get_metrics
logic-circuit-ablation-half-risk,Logic_Circuit_Ablation_Half_Risk_2026-05-28 12:53:16,65758f47b64841c09039a94ceb044d59,Loss: Batch Best,180,0.0254592504352331,1779980657086,get_metrics
logic-circuit-ablation-half-risk,Logic_Circuit_Ablation_Half_Risk_2026-05-28 12:53:16,65758f47b64841c09039a94ceb044d59,Loss: Batch Best,181,0.0258641019463539,1779980744158,get_metrics
logic-circuit-ablation-half-risk,Logic_Circuit_Ablation_Half_Risk_2026-05-28 12:53:16,65758f47b64841c09039a94ceb044d59,Loss: Batch Best,182,0.0258621945977211,1779980803873,get_metrics
logic-circuit-ablation-half-risk,Logic_Circuit_Ablation_Half_Risk_2026-05-28 12:53:16,65758f47b64841c09039a94ceb044d59,Loss: Batch Best,183,0.0258542858064174,1779980865696,get_metrics
logic-circuit-ablation-half-risk,Logic_Circuit_Ablation_Half_Risk_2026-05-28 12:53:16,65758f47b64841c09039a94ceb044d59,Loss: Batch Best,184,0.0255929231643676,1779980928026,get_metrics
logic-circuit-ablation-half-risk,Logic_Circuit_Ablation_Half_Risk_2026-05-28 12:53:16,65758f47b64841c09039a94ceb044d59,Loss: Batch Best,185,0.0259166862815618,1779980990270,get_metrics
logic-circuit-ablation-half-risk,Logic_Circuit_Ablation_Half_Risk_2026-05-28 12:53:16,65758f47b64841c09039a94ceb044d59,Loss: Batch Best,186,0.0257646236568689,1779981076895,get_metrics
logic-circuit-ablation-half-risk,Logic_Circuit_Ablation_Half_Risk_2026-05-28 12:53:16,65758f47b64841c09039a94ceb044d59,Loss: Batch Best,187,0.0258678216487169,1779981139241,get_metrics
logic-circuit-ablation-half-risk,Logic_Circuit_Ablation_Half_Risk_2026-05-28 12:53:16,65758f47b64841c09039a94ceb044d59,Loss: Batch Best,188,0.0257790833711624,1779981200547,get_metrics
logic-circuit-ablation-half-risk,Logic_Circuit_Ablation_Half_Risk_2026-05-28 12:53:16,65758f47b64841c09039a94ceb044d59,Loss: Batch Best,189,0.0255367420613765,1779981263458,get_metrics
logic-circuit-ablation-half-risk,Logic_Circuit_Ablation_Half_Risk_2026-05-28 12:53:16,65758f47b64841c09039a94ceb044d59,Loss: Batch Best,190,0.0254950616508722,1779981325586,get_metrics
logic-circuit-ablation-half-risk,Logic_Circuit_Ablation_Half_Risk_2026-05-28 12:53:16,65758f47b64841c09039a94ceb044d59,Loss: Batch Best,191,0.0258679538965225,1779981412148,get_metrics
logic-circuit-ablation-half-risk,Logic_Circuit_Ablation_Half_Risk_2026-05-28 12:53:16,65758f47b64841c09039a94ceb044d59,Loss: Batch Best,192,0.0254169106483459,1779981473390,get_metrics
logic-circuit-ablation-half-risk,Logic_Circuit_Ablation_Half_Risk_2026-05-28 12:53:16,65758f47b64841c09039a94ceb044d59,Loss: Batch Best,193,0.0253794230520725,1779981543060,get_metrics
logic-circuit-ablation-half-risk,Logic_Circuit_Ablation_Half_Risk_2026-05-28 12:53:16,65758f47b64841c09039a94ceb044d59,Loss: Batch Best,194,0.0257193408906459,1779981608457,get_metrics
logic-circuit-ablation-half-risk,Logic_Circuit_Ablation_Half_Risk_2026-05-28 12:53:16,65758f47b64841c09039a94ceb044d59,Loss: Batch Best,195,0.0259672347456216,1779981678774,get_metrics
logic-circuit-ablation-half-risk,Logic_Circuit_Ablation_Half_Risk_2026-05-28 12:53:16,65758f47b64841c09039a94ceb044d59,Loss: Batch Best,196,0.025540105998516,1779981772645,get_metrics
logic-circuit-ablation-half-risk,Logic_Circuit_Ablation_Half_Risk_2026-05-28 12:53:16,65758f47b64841c09039a94ceb044d59,Loss: Batch Best,197,0.0255338121205568,1779981840904,get_metrics
logic-circuit-ablation-half-risk,Logic_Circuit_Ablation_Half_Risk_2026-05-28 12:53:16,65758f47b64841c09039a94ceb044d59,Loss: Batch Best,198,0.0258405283093452,1779981910744,get_metrics
logic-circuit-ablation-half-risk,Logic_Circuit_Ablation_Half_Risk_2026-05-28 12:53:16,65758f47b64841c09039a94ceb044d59,Loss: Batch Best,199,0.0254847705364227,1779981978104,get_metrics
logic-circuit-ablation-half-risk,Logic_Circuit_Ablation_Half_Risk_2026-05-28 12:53:16,65758f47b64841c09039a94ceb044d59,Loss: Batch Best,200,0.0253612045198678,1779982044262,get_metrics
logic-circuit-ablation-half-risk,Logic_Circuit_Ablation_Half_Risk_2026-05-28 12:53:16,65758f47b64841c09039a94ceb044d59,Loss: Batch Best,201,0.0258695874363183,1779982135959,get_metrics
logic-circuit-ablation-half-risk,Logic_Circuit_Ablation_Half_Risk_2026-05-28 12:53:16,65758f47b64841c09039a94ceb044d59,Loss: Batch Best,202,0.0254602637141942,1779982204276,get_metrics
logic-circuit-ablation-half-risk,Logic_Circuit_Ablation_Half_Risk_2026-05-28 12:53:16,65758f47b64841c09039a94ceb044d59,Loss: Batch Best,203,0.0254884716123342,1779982272285,get_metrics
logic-circuit-ablation-half-risk,Logic_Circuit_Ablation_Half_Risk_2026-05-28 12:53:16,65758f47b64841c09039a94ceb044d59,Loss: Batch Best,204,0.0254699122160673,1779982340810,get_metrics
logic-circuit-ablation-half-risk,Logic_Circuit_Ablation_Half_Risk_2026-05-28 12:53:16,65758f47b64841c09039a94ceb044d59,Loss: Batch Best,205,0.0259276013821363,1779982409156,get_metrics
logic-circuit-ablation-half-risk,Logic_Circuit_Ablation_Half_Risk_2026-05-28 12:53:16,65758f47b64841c09039a94ceb044d59,Loss: Batch Best,206,0.0254592299461364,1779982504937,get_metrics
logic-circuit-ablation-half-risk,Logic_Circuit_Ablation_Half_Risk_2026-05-28 12:53:16,65758f47b64841c09039a94ceb044d59,Loss: Batch Best,207,0.0257643237709999,1779982573414,get_metrics
logic-circuit-ablation-half-risk,Logic_Circuit_Ablation_Half_Risk_2026-05-28 12:53:16,65758f47b64841c09039a94ceb044d59,Loss: Batch Best,208,0.0254366062581539,1779982640426,get_metrics
logic-circuit-ablation-half-risk,Logic_Circuit_Ablation_Half_Risk_2026-05-28 12:53:16,65758f47b64841c09039a94ceb044d59,Loss: Batch Best,209,0.0258390735834836,1779982706003,get_metrics
logic-circuit-ablation-half-risk,Logic_Circuit_Ablation_Half_Risk_2026-05-28 12:53:16,65758f47b64841c09039a94ceb044d59,Loss: Batch Best,210,0.0254915542900562,1779982773001,get_metrics
logic-circuit-ablation-half-risk,Logic_Circuit_Ablation_Half_Risk_2026-05-28 12:53:16,65758f47b64841c09039a94ceb044d59,Loss: Batch Best,211,0.0253891274333,1779982865560,get_metrics
logic-circuit-ablation-half-risk,Logic_Circuit_Ablation_Half_Risk_2026-05-28 12:53:16,65758f47b64841c09039a94ceb044d59,Loss: Batch Best,212,0.025464916601777,1779982932205,get_metrics
logic-circuit-ablation-half-risk,Logic_Circuit_Ablation_Half_Risk_2026-05-28 12:53:16,65758f47b64841c09039a94ceb044d59,Loss: Batch Best,213,0.0251300036907196,1779983005654,get_metrics
logic-circuit-ablation-half-risk,Logic_Circuit_Ablation_Half_Risk_2026-05-28 12:53:16,65758f47b64841c09039a94ceb044d59,Loss: Batch Best,214,0.0256066936999559,1779983072689,get_metrics
logic-circuit-ablation-half-risk,Logic_Circuit_Ablation_Half_Risk_2026-05-28 12:53:16,65758f47b64841c09039a94ceb044d59,Loss: Batch Best,215,0.025846391916275,1779983140528,get_metrics
logic-circuit-ablation-half-risk,Logic_Circuit_Ablation_Half_Risk_2026-05-28 12:53:16,65758f47b64841c09039a94ceb044d59,Loss: Batch Best,216,0.0255774538964033,1779983232915,get_metrics
logic-circuit-ablation-half-risk,Logic_Circuit_Ablation_Half_Risk_2026-05-28 12:53:16,65758f47b64841c09039a94ceb044d59,Loss: Batch Best,217,0.0257541313767433,1779983303191,get_metrics
logic-circuit-ablation-half-risk,Logic_Circuit_Ablation_Half_Risk_2026-05-28 12:53:16,65758f47b64841c09039a94ceb044d59,Loss: Batch Best,218,0.0258817058056592,1779983371458,get_metrics
logic-circuit-ablation-half-risk,Logic_Circuit_Ablation_Half_Risk_2026-05-28 12:53:16,65758f47b64841c09039a94ceb044d59,Loss: Batch Best,219,0.0255481079220771,1779983436464,get_metrics
logic-circuit-ablation-half-risk,Logic_Circuit_Ablation_Half_Risk_2026-05-28 12:53:16,65758f47b64841c09039a94ceb044d59,Loss: Batch Best,220,0.0254174172878265,1779983506481,get_metrics
logic-circuit-ablation-half-risk,Logic_Circuit_Ablation_Half_Risk_2026-05-28 12:53:16,65758f47b64841c09039a94ceb044d59,Loss: Batch Best,221,0.0254848953336477,1779983600089,get_metrics
logic-circuit-ablation-half-risk,Logic_Circuit_Ablation_Half_Risk_2026-05-28 12:53:16,65758f47b64841c09039a94ceb044d59,Loss: Batch Best,222,0.0259741190820932,1779983669626,get_metrics
logic-circuit-ablation-half-risk,Logic_Circuit_Ablation_Half_Risk_2026-05-28 12:53:16,65758f47b64841c09039a94ceb044d59,Loss: Batch Best,223,0.0258858725428581,1779983736190,get_metrics
logic-circuit-ablation-half-risk,Logic_Circuit_Ablation_Half_Risk_2026-05-28 12:53:16,65758f47b64841c09039a94ceb044d59,Loss: Batch Best,224,0.0258739292621612,1779983803357,get_metrics
logic-circuit-ablation-half-risk,Logic_Circuit_Ablation_Half_Risk_2026-05-28 12:53:16,65758f47b64841c09039a94ceb044d59,Loss: Batch Best,225,0.0256270822137594,1779983868157,get_metrics
logic-circuit-ablation-half-risk,Logic_Circuit_Ablation_Half_Risk_2026-05-28 12:53:16,65758f47b64841c09039a94ceb044d59,Loss: Batch Best,226,0.0255993232131004,1779983962675,get_metrics
logic-circuit-ablation-half-risk,Logic_Circuit_Ablation_Half_Risk_2026-05-28 12:53:16,65758f47b64841c09039a94ceb044d59,Loss: Batch Best,227,0.0258120372891426,1779984028523,get_metrics
logic-circuit-ablation-half-risk,Logic_Circuit_Ablation_Half_Risk_2026-05-28 12:53:16,65758f47b64841c09039a94ceb044d59,Loss: Batch Best,228,0.0258523430675268,1779984098249,get_metrics
logic-circuit-ablation-half-risk,Logic_Circuit_Ablation_Half_Risk_2026-05-28 12:53:16,65758f47b64841c09039a94ceb044d59,Loss: Batch Best,229,0.02552380412817,1779984166171,get_metrics
logic-circuit-ablation-half-risk,Logic_Circuit_Ablation_Half_Risk_2026-05-28 12:53:16,65758f47b64841c09039a94ceb044d59,Loss: Batch Best,230,0.0258452724665403,1779984232467,get_metrics
logic-circuit-ablation-half-risk,Logic_Circuit_Ablation_Half_Risk_2026-05-28 12:53:16,65758f47b64841c09039a94ceb044d59,Loss: Batch Best,231,0.0253666825592517,1779984323226,get_metrics
logic-circuit-ablation-half-risk,Logic_Circuit_Ablation_Half_Risk_2026-05-28 12:53:16,65758f47b64841c09039a94ceb044d59,Loss: Batch Best,232,0.0253616422414779,1779984396062,get_metrics
logic-circuit-ablation-half-risk,Logic_Circuit_Ablation_Half_Risk_2026-05-28 12:53:16,65758f47b64841c09039a94ceb044d59,Loss: Batch Best,233,0.0256043411791324,1779984463761,get_metrics
logic-circuit-ablation-half-risk,Logic_Circuit_Ablation_Half_Risk_2026-05-28 12:53:16,65758f47b64841c09039a94ceb044d59,Loss: Batch Best,234,0.0253779459744691,1779984583845,get_metrics
logic-circuit-ablation-half-risk,Logic_Circuit_Ablation_Half_Risk_2026-05-28 12:53:16,65758f47b64841c09039a94ceb044d59,Loss: Batch Best,235,0.0254749711602926,1779984752129,get_metrics
logic-circuit-ablation-half-risk,Logic_Circuit_Ablation_Half_Risk_2026-05-28 12:53:16,65758f47b64841c09039a94ceb044d59,Loss: Batch Best,236,0.0256069041788578,1779984947153,get_metrics
logic-circuit-ablation-half-risk,Logic_Circuit_Ablation_Half_Risk_2026-05-28 12:53:16,65758f47b64841c09039a94ceb044d59,Loss: Batch Best,237,0.0256723724305629,1779985117576,get_metrics
logic-circuit-ablation-half-risk,Logic_Circuit_Ablation_Half_Risk_2026-05-28 12:53:16,65758f47b64841c09039a94ceb044d59,Loss: Batch Best,238,0.0254948046058416,1779985226783,get_metrics
logic-circuit-ablation-half-risk,Logic_Circuit_Ablation_Half_Risk_2026-05-28 12:53:16,65758f47b64841c09039a94ceb044d59,Loss: Batch Best,239,0.0255357306450605,1779985298227,get_metrics
logic-circuit-ablation-half-risk,Logic_Circuit_Ablation_Half_Risk_2026-05-28 12:53:16,65758f47b64841c09039a94ceb044d59,Loss: Batch Best,240,0.0253640636801719,1779985364116,get_metrics
logic-circuit-ablation-half-risk,Logic_Circuit_Ablation_Half_Risk_2026-05-28 12:53:16,65758f47b64841c09039a94ceb044d59,Loss: Batch Best,241,0.0257323291152715,1779985461290,get_metrics
logic-circuit-ablation-half-risk,Logic_Circuit_Ablation_Half_Risk_2026-05-28 12:53:16,65758f47b64841c09039a94ceb044d59,Loss: Batch Best,242,0.0257023144513368,1779985528996,get_metrics
logic-circuit-ablation-half-risk,Logic_Circuit_Ablation_Half_Risk_2026-05-28 12:53:16,65758f47b64841c09039a94ceb044d59,Loss: Batch Best,243,0.0252772532403469,1779985597001,get_metrics
logic-circuit-ablation-half-risk,Logic_Circuit_Ablation_Half_Risk_2026-05-28 12:53:16,65758f47b64841c09039a94ceb044d59,Loss: Batch Best,244,0.0256211273372173,1779985661678,get_metrics
logic-circuit-ablation-half-risk,Logic_Circuit_Ablation_Half_Risk_2026-05-28 12:53:16,65758f47b64841c09039a94ceb044d59,Loss: Batch Best,245,0.025409372523427,1779985728176,get_metrics
logic-circuit-ablation-half-risk,Logic_Circuit_Ablation_Half_Risk_2026-05-28 12:53:16,65758f47b64841c09039a94ceb044d59,Loss: Batch Best,246,0.0255953595042228,1779985827059,get_metrics
logic-circuit-ablation-half-risk,Logic_Circuit_Ablation_Half_Risk_2026-05-28 12:53:16,65758f47b64841c09039a94ceb044d59,Loss: Batch Best,247,0.0254659503698349,1779985896053,get_metrics
logic-circuit-ablation-half-risk,Logic_Circuit_Ablation_Half_Risk_2026-05-28 12:53:16,65758f47b64841c09039a94ceb044d59,Loss: Batch Best,248,0.0254175141453742,1779985962198,get_metrics
logic-circuit-ablation-half-risk,Logic_Circuit_Ablation_Half_Risk_2026-05-28 12:53:16,65758f47b64841c09039a94ceb044d59,Loss: Batch Best,249,0.0259369164705276,1779986032366,get_metrics
logic-circuit-ablation-half-risk,Logic_Circuit_Ablation_Half_Risk_2026-05-28 12:53:16,65758f47b64841c09039a94ceb044d59,Loss: Batch Best,250,0.0257521048188209,1779986099097,get_metrics
logic-circuit-ablation-half-risk,Logic_Circuit_Ablation_Half_Risk_2026-05-28 12:53:16,65758f47b64841c09039a94ceb044d59,Loss: Batch Best,251,0.0256178472191095,1779986193454,get_metrics
logic-circuit-ablation-half-risk,Logic_Circuit_Ablation_Half_Risk_2026-05-28 12:53:16,65758f47b64841c09039a94ceb044d59,Loss: Batch Best,252,0.0256814546883106,1779986262548,get_metrics
logic-circuit-ablation-half-risk,Logic_Circuit_Ablation_Half_Risk_2026-05-28 12:53:16,65758f47b64841c09039a94ceb044d59,Loss: Batch Best,253,0.0255930479615926,1779986329928,get_metrics
logic-circuit-ablation-half-risk,Logic_Circuit_Ablation_Half_Risk_2026-05-28 12:53:16,65758f47b64841c09039a94ceb044d59,Loss: Batch Best,254,0.0253745093941688,1779986398781,get_metrics
logic-circuit-ablation-half-risk,Logic_Circuit_Ablation_Half_Risk_2026-05-28 12:53:16,65758f47b64841c09039a94ceb044d59,Loss: Batch Best,255,0.0254260413348674,1779986470337,get_metrics
logic-circuit-ablation-half-risk,Logic_Circuit_Ablation_Half_Risk_2026-05-28 12:53:16,65758f47b64841c09039a94ceb044d59,Loss: Batch Best,256,0.0253721121698617,1779986562830,get_metrics
logic-circuit-ablation-half-risk,Logic_Circuit_Ablation_Half_Risk_2026-05-28 12:53:16,65758f47b64841c09039a94ceb044d59,Loss: Batch Best,257,0.0256547108292579,1779986632304,get_metrics
logic-circuit-ablation-half-risk,Logic_Circuit_Ablation_Half_Risk_2026-05-28 12:53:16,65758f47b64841c09039a94ceb044d59,Loss: Batch Best,258,0.02557616494596,1779986701585,get_metrics
logic-circuit-ablation-half-risk,Logic_Circuit_Ablation_Half_Risk_2026-05-28 12:53:16,65758f47b64841c09039a94ceb044d59,Loss: Batch Best,259,0.0256404522806406,1779986769267,get_metrics
logic-circuit-ablation-half-risk,Logic_Circuit_Ablation_Half_Risk_2026-05-28 12:53:16,65758f47b64841c09039a94ceb044d59,Loss: Batch Best,260,0.0254439003765583,1779986835281,get_metrics
logic-circuit-ablation-half-risk,Logic_Circuit_Ablation_Half_Risk_2026-05-28 12:53:16,65758f47b64841c09039a94ceb044d59,Loss: Batch Best,261,0.02589619345963,1779986929461,get_metrics
logic-circuit-ablation-half-risk,Logic_Circuit_Ablation_Half_Risk_2026-05-28 12:53:16,65758f47b64841c09039a94ceb044d59,Loss: Batch Best,262,0.0258891861885786,1779986999979,get_metrics
logic-circuit-ablation-half-risk,Logic_Circuit_Ablation_Half_Risk_2026-05-28 12:53:16,65758f47b64841c09039a94ceb044d59,Loss: Batch Best,263,0.0252882298082113,1779987067561,get_metrics
logic-circuit-ablation-half-risk,Logic_Circuit_Ablation_Half_Risk_2026-05-28 12:53:16,65758f47b64841c09039a94ceb044d59,Loss: Batch Best,264,0.0255638975650072,1779987133975,get_metrics
logic-circuit-ablation-half-risk,Logic_Circuit_Ablation_Half_Risk_2026-05-28 12:53:16,65758f47b64841c09039a94ceb044d59,Loss: Batch Best,265,0.0254645813256502,1779987204655,get_metrics
logic-circuit-ablation-half-risk,Logic_Circuit_Ablation_Half_Risk_2026-05-28 12:53:16,65758f47b64841c09039a94ceb044d59,Loss: Batch Best,266,0.0253918804228305,1779987297705,get_metrics
logic-circuit-ablation-half-risk,Logic_Circuit_Ablation_Half_Risk_2026-05-28 12:53:16,65758f47b64841c09039a94ceb044d59,Loss: Batch Best,267,0.0252825915813446,1779987366669,get_metrics
logic-circuit-ablation-half-risk,Logic_Circuit_Ablation_Half_Risk_2026-05-28 12:53:16,65758f47b64841c09039a94ceb044d59,Loss: Batch Best,268,0.0256370399147272,1779987432359,get_metrics
logic-circuit-ablation-half-risk,Logic_Circuit_Ablation_Half_Risk_2026-05-28 12:53:16,65758f47b64841c09039a94ceb044d59,Loss: Batch Best,269,0.0254974216222763,1779987502338,get_metrics
logic-circuit-ablation-half-risk,Logic_Circuit_Ablation_Half_Risk_2026-05-28 12:53:16,65758f47b64841c09039a94ceb044d59,Loss: Batch Best,270,0.025996021926403,1779987569560,get_metrics
logic-circuit-ablation-half-risk,Logic_Circuit_Ablation_Half_Risk_2026-05-28 12:53:16,65758f47b64841c09039a94ceb044d59,Loss: Batch Best,271,0.0257730819284915,1779987666500,get_metrics
logic-circuit-ablation-half-risk,Logic_Circuit_Ablation_Half_Risk_2026-05-28 12:53:16,65758f47b64841c09039a94ceb044d59,Loss: Batch Best,272,0.0258194617927074,1779987731671,get_metrics
logic-circuit-ablation-half-risk,Logic_Circuit_Ablation_Half_Risk_2026-05-28 12:53:16,65758f47b64841c09039a94ceb044d59,Loss: Batch Best,273,0.0257030613720417,1779987801111,get_metrics
logic-circuit-ablation-half-risk,Logic_Circuit_Ablation_Half_Risk_2026-05-28 12:53:16,65758f47b64841c09039a94ceb044d59,Loss: Batch Best,274,0.0256250686943531,1779987872966,get_metrics
logic-circuit-ablation-half-risk,Logic_Circuit_Ablation_Half_Risk_2026-05-28 12:53:16,65758f47b64841c09039a94ceb044d59,Loss: Batch Best,275,0.0255274418741464,1779987939945,get_metrics
logic-circuit-ablation-half-risk,Logic_Circuit_Ablation_Half_Risk_2026-05-28 12:53:16,65758f47b64841c09039a94ceb044d59,Loss: Batch Best,276,0.0255696065723896,1779988033186,get_metrics
logic-circuit-ablation-half-risk,Logic_Circuit_Ablation_Half_Risk_2026-05-28 12:53:16,65758f47b64841c09039a94ceb044d59,Loss: Batch Best,277,0.0254185386002063,1779988099692,get_metrics
logic-circuit-ablation-half-risk,Logic_Circuit_Ablation_Half_Risk_2026-05-28 12:53:16,65758f47b64841c09039a94ceb044d59,Loss: Batch Best,278,0.0258255880326032,1779988166027,get_metrics
logic-circuit-ablation-half-risk,Logic_Circuit_Ablation_Half_Risk_2026-05-28 12:53:16,65758f47b64841c09039a94ceb044d59,Loss: Batch Best,279,0.0258831717073917,1779988233699,get_metrics
logic-circuit-ablation-half-risk,Logic_Circuit_Ablation_Half_Risk_2026-05-28 12:53:16,65758f47b64841c09039a94ceb044d59,Loss: Batch Best,280,0.0259069185703992,1779988301342,get_metrics
logic-circuit-ablation-half-risk,Logic_Circuit_Ablation_Half_Risk_2026-05-28 12:53:16,65758f47b64841c09039a94ceb044d59,Loss: Batch Best,281,0.0258357562124729,1779988397911,get_metrics
logic-circuit-ablation-half-risk,Logic_Circuit_Ablation_Half_Risk_2026-05-28 12:53:16,65758f47b64841c09039a94ceb044d59,Loss: Batch Best,282,0.0256241466850042,1779988465295,get_metrics
logic-circuit-ablation-half-risk,Logic_Circuit_Ablation_Half_Risk_2026-05-28 12:53:16,65758f47b64841c09039a94ceb044d59,Loss: Batch Best,283,0.0259555000811815,1779988534671,get_metrics
logic-circuit-ablation-half-risk,Logic_Circuit_Ablation_Half_Risk_2026-05-28 12:53:16,65758f47b64841c09039a94ceb044d59,Loss: Batch Best,284,0.0259928107261657,1779988602220,get_metrics
logic-circuit-ablation-half-risk,Logic_Circuit_Ablation_Half_Risk_2026-05-28 12:53:16,65758f47b64841c09039a94ceb044d59,Loss: Batch Best,285,0.0260133575648069,1779988670733,get_metrics
logic-circuit-ablation-half-risk,Logic_Circuit_Ablation_Half_Risk_2026-05-28 12:53:16,65758f47b64841c09039a94ceb044d59,Loss: Batch Best,286,0.025754926726222,1779988765558,get_metrics
logic-circuit-ablation-half-risk,Logic_Circuit_Ablation_Half_Risk_2026-05-28 12:53:16,65758f47b64841c09039a94ceb044d59,Loss: Batch Best,287,0.0258548706769943,1779988831713,get_metrics
logic-circuit-ablation-half-risk,Logic_Circuit_Ablation_Half_Risk_2026-05-28 12:53:16,65758f47b64841c09039a94ceb044d59,Loss: Batch Best,288,0.0253971498459577,1779988900651,get_metrics
logic-circuit-ablation-half-risk,Logic_Circuit_Ablation_Half_Risk_2026-05-28 12:53:16,65758f47b64841c09039a94ceb044d59,Loss: Batch Best,289,0.0259494166821241,1779988968354,get_metrics
logic-circuit-ablation-half-risk,Logic_Circuit_Ablation_Half_Risk_2026-05-28 12:53:16,65758f47b64841c09039a94ceb044d59,Loss: Batch Best,290,0.0254547074437141,1779989035611,get_metrics
logic-circuit-ablation-half-risk,Logic_Circuit_Ablation_Half_Risk_2026-05-28 12:53:16,65758f47b64841c09039a94ceb044d59,Loss: Batch Best,291,0.0256393700838089,1779989129786,get_metrics
logic-circuit-ablation-half-risk,Logic_Circuit_Ablation_Half_Risk_2026-05-28 12:53:16,65758f47b64841c09039a94ceb044d59,Loss: Batch Best,292,0.0258236248046159,1779989195955,get_metrics
logic-circuit-ablation-half-risk,Logic_Circuit_Ablation_Half_Risk_2026-05-28 12:53:16,65758f47b64841c09039a94ceb044d59,Loss: Batch Best,293,0.0255201514810323,1779989262727,get_metrics
logic-circuit-ablation-half-risk,Logic_Circuit_Ablation_Half_Risk_2026-05-28 12:53:16,65758f47b64841c09039a94ceb044d59,Loss: Batch Best,294,0.0258810687810182,1779989327917,get_metrics
logic-circuit-ablation-half-risk,Logic_Circuit_Ablation_Half_Risk_2026-05-28 12:53:16,65758f47b64841c09039a94ceb044d59,Loss: Batch Best,295,0.0260279458016157,1779989399840,get_metrics
logic-circuit-ablation-half-risk,Logic_Circuit_Ablation_Half_Risk_2026-05-28 12:53:16,65758f47b64841c09039a94ceb044d59,Loss: Batch Best,296,0.0253332387655973,1779989490846,get_metrics
logic-circuit-ablation-half-risk,Logic_Circuit_Ablation_Half_Risk_2026-05-28 12:53:16,65758f47b64841c09039a94ceb044d59,Loss: Batch Best,297,0.0259122904390096,1779989558412,get_metrics
logic-circuit-ablation-half-risk,Logic_Circuit_Ablation_Half_Risk_2026-05-28 12:53:16,65758f47b64841c09039a94ceb044d59,Loss: Batch Best,298,0.0252672061324119,1779989626072,get_metrics
logic-circuit-ablation-half-risk,Logic_Circuit_Ablation_Half_Risk_2026-05-28 12:53:16,65758f47b64841c09039a94ceb044d59,Loss: Batch Best,299,0.0253830961883068,1779989697182,get_metrics
logic-circuit-ablation-half-risk,Logic_Circuit_Ablation_Half_Risk_2026-05-28 12:53:16,65758f47b64841c09039a94ceb044d59,Loss: Batch Best,300,0.0256009977310895,1779989767170,get_metrics
logic-circuit-ablation-half-risk,Logic_Circuit_Ablation_Half_Risk_2026-05-28 12:53:16,65758f47b64841c09039a94ceb044d59,Loss: Batch Best,301,0.0254720896482467,1779989857485,get_metrics
logic-circuit-ablation-half-risk,Logic_Circuit_Ablation_Half_Risk_2026-05-28 12:53:16,65758f47b64841c09039a94ceb044d59,Loss: Batch Best,302,0.0254004597663879,1779989926860,get_metrics
logic-circuit-ablation-half-risk,Logic_Circuit_Ablation_Half_Risk_2026-05-28 12:53:16,65758f47b64841c09039a94ceb044d59,Loss: Batch Best,303,0.0255007781088352,1779989995084,get_metrics
logic-circuit-ablation-half-risk,Logic_Circuit_Ablation_Half_Risk_2026-05-28 12:53:16,65758f47b64841c09039a94ceb044d59,Loss: Batch Best,304,0.0255292691290378,1779990064485,get_metrics
logic-circuit-ablation-half-risk,Logic_Circuit_Ablation_Half_Risk_2026-05-28 12:53:16,65758f47b64841c09039a94ceb044d59,Loss: Batch Best,305,0.0257867500185966,1779990133120,get_metrics
logic-circuit-ablation-half-risk,Logic_Circuit_Ablation_Half_Risk_2026-05-28 12:53:16,65758f47b64841c09039a94ceb044d59,Loss: Batch Best,306,0.0258626863360404,1779990226383,get_metrics
logic-circuit-ablation-half-risk,Logic_Circuit_Ablation_Half_Risk_2026-05-28 12:53:16,65758f47b64841c09039a94ceb044d59,Loss: Batch Best,307,0.0258726719766855,1779990293773,get_metrics
logic-circuit-ablation-half-risk,Logic_Circuit_Ablation_Half_Risk_2026-05-28 12:53:16,65758f47b64841c09039a94ceb044d59,Loss: Batch Best,308,0.0254669282585382,1779990360386,get_metrics
logic-circuit-ablation-half-risk,Logic_Circuit_Ablation_Half_Risk_2026-05-28 12:53:16,65758f47b64841c09039a94ceb044d59,Loss: Batch Best,309,0.0256882887333631,1779990431605,get_metrics
logic-circuit-ablation-half-risk,Logic_Circuit_Ablation_Half_Risk_2026-05-28 12:53:16,65758f47b64841c09039a94ceb044d59,Loss: Batch Best,310,0.0254845637828111,1779990501088,get_metrics
logic-circuit-ablation-half-risk,Logic_Circuit_Ablation_Half_Risk_2026-05-28 12:53:16,65758f47b64841c09039a94ceb044d59,Loss: Batch Best,311,0.0256836339831352,1779990597624,get_metrics
logic-circuit-ablation-half-risk,Logic_Circuit_Ablation_Half_Risk_2026-05-28 12:53:16,65758f47b64841c09039a94ceb044d59,Loss: Batch Best,312,0.0254054199904203,1779990666941,get_metrics
logic-circuit-ablation-half-risk,Logic_Circuit_Ablation_Half_Risk_2026-05-28 12:53:16,65758f47b64841c09039a94ceb044d59,Loss: Batch Best,313,0.0256036072969436,1779990734839,get_metrics
logic-circuit-ablation-half-risk,Logic_Circuit_Ablation_Half_Risk_2026-05-28 12:53:16,65758f47b64841c09039a94ceb044d59,Loss: Batch Best,314,0.0259748380631208,1779990802158,get_metrics
logic-circuit-ablation-half-risk,Logic_Circuit_Ablation_Half_Risk_2026-05-28 12:53:16,65758f47b64841c09039a94ceb044d59,Loss: Batch Best,315,0.0231874790042638,1779990871561,get_metrics
logic-circuit-ablation-half-risk,Logic_Circuit_Ablation_Half_Risk_2026-05-28 12:53:16,65758f47b64841c09039a94ceb044d59,Loss: Batch Best,316,0.0259978529065847,1779990965139,get_metrics
logic-circuit-ablation-half-risk,Logic_Circuit_Ablation_Half_Risk_2026-05-28 12:53:16,65758f47b64841c09039a94ceb044d59,Loss: Batch Best,317,0.0255622118711471,1779991032514,get_metrics
logic-circuit-ablation-half-risk,Logic_Circuit_Ablation_Half_Risk_2026-05-28 12:53:16,65758f47b64841c09039a94ceb044d59,Loss: Batch Best,318,0.0254973694682121,1779991102175,get_metrics
logic-circuit-ablation-half-risk,Logic_Circuit_Ablation_Half_Risk_2026-05-28 12:53:16,65758f47b64841c09039a94ceb044d59,Loss: Batch Best,319,0.0257898159325122,1779991173239,get_metrics
logic-circuit-ablation-half-risk,Logic_Circuit_Ablation_Half_Risk_2026-05-28 12:53:16,65758f47b64841c09039a94ceb044d59,Loss: Batch Best,320,0.0257259663194417,1779991241566,get_metrics
logic-circuit-ablation-half-risk,Logic_Circuit_Ablation_Half_Risk_2026-05-28 12:53:16,65758f47b64841c09039a94ceb044d59,Loss: Batch Best,321,0.0253566112369298,1779991334767,get_metrics
logic-circuit-ablation-half-risk,Logic_Circuit_Ablation_Half_Risk_2026-05-28 12:53:16,65758f47b64841c09039a94ceb044d59,Loss: Batch Best,322,0.0254268180578947,1779991404349,get_metrics
logic-circuit-ablation-half-risk,Logic_Circuit_Ablation_Half_Risk_2026-05-28 12:53:16,65758f47b64841c09039a94ceb044d59,Loss: Batch Best,323,0.0257669817656278,1779991471898,get_metrics
logic-circuit-ablation-half-risk,Logic_Circuit_Ablation_Half_Risk_2026-05-28 12:53:16,65758f47b64841c09039a94ceb044d59,Loss: Batch Best,324,0.0253894068300724,1779991541639,get_metrics
logic-circuit-ablation-half-risk,Logic_Circuit_Ablation_Half_Risk_2026-05-28 12:53:16,65758f47b64841c09039a94ceb044d59,Loss: Batch Best,325,0.0259290803223848,1779991612223,get_metrics
logic-circuit-ablation-half-risk,Logic_Circuit_Ablation_Half_Risk_2026-05-28 12:53:16,65758f47b64841c09039a94ceb044d59,Loss: Batch Best,326,0.0255950670689344,1779991709664,get_metrics
logic-circuit-ablation-half-risk,Logic_Circuit_Ablation_Half_Risk_2026-05-28 12:53:16,65758f47b64841c09039a94ceb044d59,Loss: Batch Best,327,0.0257484130561351,1779991776323,get_metrics
logic-circuit-ablation-half-risk,Logic_Circuit_Ablation_Half_Risk_2026-05-28 12:53:16,65758f47b64841c09039a94ceb044d59,Loss: Batch Best,328,0.0254304036498069,1779991846157,get_metrics
logic-circuit-ablation-half-risk,Logic_Circuit_Ablation_Half_Risk_2026-05-28 12:53:16,65758f47b64841c09039a94ceb044d59,Loss: Batch Best,329,0.0255351420491933,1779991913982,get_metrics
logic-circuit-ablation-half-risk,Logic_Circuit_Ablation_Half_Risk_2026-05-28 12:53:16,65758f47b64841c09039a94ceb044d59,Loss: Batch Best,330,0.0260081049054861,1779991981219,get_metrics
logic-circuit-ablation-half-risk,Logic_Circuit_Ablation_Half_Risk_2026-05-28 12:53:16,65758f47b64841c09039a94ceb044d59,Loss: Batch Best,331,0.0259430818259716,1779992076105,get_metrics
logic-circuit-ablation-half-risk,Logic_Circuit_Ablation_Half_Risk_2026-05-28 12:53:16,65758f47b64841c09039a94ceb044d59,Loss: Batch Best,332,0.0255136527121067,1779992142875,get_metrics
logic-circuit-ablation-half-risk,Logic_Circuit_Ablation_Half_Risk_2026-05-28 12:53:16,65758f47b64841c09039a94ceb044d59,Loss: Batch Best,333,0.0255830585956573,1779992212436,get_metrics
logic-circuit-ablation-half-risk,Logic_Circuit_Ablation_Half_Risk_2026-05-28 12:53:16,65758f47b64841c09039a94ceb044d59,Loss: Batch Best,334,0.0258815586566925,1779992280568,get_metrics
logic-circuit-ablation-half-risk,Logic_Circuit_Ablation_Half_Risk_2026-05-28 12:53:16,65758f47b64841c09039a94ceb044d59,Loss: Batch Best,335,0.0254640076309442,1779992349827,get_metrics
logic-circuit-ablation-half-risk,Logic_Circuit_Ablation_Half_Risk_2026-05-28 12:53:16,65758f47b64841c09039a94ceb044d59,Loss: Batch Best,336,0.0258298516273498,1779992442287,get_metrics
logic-circuit-ablation-half-risk,Logic_Circuit_Ablation_Half_Risk_2026-05-28 12:53:16,65758f47b64841c09039a94ceb044d59,Loss: Batch Best,337,0.0255463756620883,1779992510407,get_metrics
logic-circuit-ablation-half-risk,Logic_Circuit_Ablation_Half_Risk_2026-05-28 12:53:16,65758f47b64841c09039a94ceb044d59,Loss: Batch Best,338,0.0257507897913455,1779992578854,get_metrics
logic-circuit-ablation-half-risk,Logic_Circuit_Ablation_Half_Risk_2026-05-28 12:53:16,65758f47b64841c09039a94ceb044d59,Loss: Batch Best,339,0.0253594052046537,1779992645835,get_metrics
logic-circuit-ablation-half-risk,Logic_Circuit_Ablation_Half_Risk_2026-05-28 12:53:16,65758f47b64841c09039a94ceb044d59,Loss: Batch Best,340,0.0259939227253198,1779992716693,get_metrics
logic-circuit-ablation-half-risk,Logic_Circuit_Ablation_Half_Risk_2026-05-28 12:53:16,65758f47b64841c09039a94ceb044d59,Loss: Batch Best,341,0.025414764881134,1779992809601,get_metrics
logic-circuit-ablation-half-risk,Logic_Circuit_Ablation_Half_Risk_2026-05-28 12:53:16,65758f47b64841c09039a94ceb044d59,Loss: Batch Best,342,0.0251493100076913,1779992879650,get_metrics
logic-circuit-ablation-half-risk,Logic_Circuit_Ablation_Half_Risk_2026-05-28 12:53:16,65758f47b64841c09039a94ceb044d59,Loss: Batch Best,343,0.0256931912153959,1779992949350,get_metrics
logic-circuit-ablation-half-risk,Logic_Circuit_Ablation_Half_Risk_2026-05-28 12:53:16,65758f47b64841c09039a94ceb044d59,Loss: Batch Best,344,0.0254031103104352,1779993015881,get_metrics
logic-circuit-ablation-half-risk,Logic_Circuit_Ablation_Half_Risk_2026-05-28 12:53:16,65758f47b64841c09039a94ceb044d59,Loss: Batch Best,345,0.0260351933538913,1779993083269,get_metrics
logic-circuit-ablation-half-risk,Logic_Circuit_Ablation_Half_Risk_2026-05-28 12:53:16,65758f47b64841c09039a94ceb044d59,Loss: Batch Best,346,0.0253370702266693,1779993177117,get_metrics
logic-circuit-ablation-half-risk,Logic_Circuit_Ablation_Half_Risk_2026-05-28 12:53:16,65758f47b64841c09039a94ceb044d59,Loss: Batch Best,347,0.0259298905730247,1779993247088,get_metrics
logic-circuit-ablation-half-risk,Logic_Circuit_Ablation_Half_Risk_2026-05-28 12:53:16,65758f47b64841c09039a94ceb044d59,Loss: Batch Best,348,0.0256307777017354,1779993315031,get_metrics
logic-circuit-ablation-half-risk,Logic_Circuit_Ablation_Half_Risk_2026-05-28 12:53:16,65758f47b64841c09039a94ceb044d59,Loss: Batch Best,349,0.0259411744773387,1779993384454,get_metrics
logic-circuit-ablation-half-risk,Logic_Circuit_Ablation_Half_Risk_2026-05-28 12:53:16,65758f47b64841c09039a94ceb044d59,Loss: Batch Best,350,0.0248921085149049,1779993454364,get_metrics
logic-circuit-ablation-half-risk,Logic_Circuit_Ablation_Half_Risk_2026-05-28 12:53:16,65758f47b64841c09039a94ceb044d59,Loss: Batch Best,351,0.0256340205669403,1779993547806,get_metrics
logic-circuit-ablation-half-risk,Logic_Circuit_Ablation_Half_Risk_2026-05-28 12:53:16,65758f47b64841c09039a94ceb044d59,Loss: Batch Best,352,0.0255104899406433,1779993616794,get_metrics
logic-circuit-ablation-half-risk,Logic_Circuit_Ablation_Half_Risk_2026-05-28 12:53:16,65758f47b64841c09039a94ceb044d59,Loss: Batch Best,353,0.0258845053613185,1779993684445,get_metrics
logic-circuit-ablation-half-risk,Logic_Circuit_Ablation_Half_Risk_2026-05-28 12:53:16,65758f47b64841c09039a94ceb044d59,Loss: Batch Best,354,0.0255358219146728,1779993752588,get_metrics
logic-circuit-ablation-half-risk,Logic_Circuit_Ablation_Half_Risk_2026-05-28 12:53:16,65758f47b64841c09039a94ceb044d59,Loss: Batch Best,355,0.0258860569447278,1779993822629,get_metrics
logic-circuit-ablation-half-risk,Logic_Circuit_Ablation_Half_Risk_2026-05-28 12:53:16,65758f47b64841c09039a94ceb044d59,Loss: Batch Best,356,0.0259705111384391,1779993915738,get_metrics
logic-circuit-ablation-half-risk,Logic_Circuit_Ablation_Half_Risk_2026-05-28 12:53:16,65758f47b64841c09039a94ceb044d59,Loss: Batch Best,357,0.0256303325295448,1779993986864,get_metrics
logic-circuit-ablation-half-risk,Logic_Circuit_Ablation_Half_Risk_2026-05-28 12:53:16,65758f47b64841c09039a94ceb044d59,Loss: Batch Best,358,0.025313451886177,1779994055102,get_metrics
logic-circuit-ablation-half-risk,Logic_Circuit_Ablation_Half_Risk_2026-05-28 12:53:16,65758f47b64841c09039a94ceb044d59,Loss: Batch Best,359,0.025923790410161,1779994123976,get_metrics
logic-circuit-ablation-half-risk,Logic_Circuit_Ablation_Half_Risk_2026-05-28 12:53:16,65758f47b64841c09039a94ceb044d59,Loss: Batch Best,360,0.0254494976252317,1779994191097,get_metrics
logic-circuit-ablation-half-risk,Logic_Circuit_Ablation_Half_Risk_2026-05-28 12:53:16,65758f47b64841c09039a94ceb044d59,Loss: Batch Best,361,0.0259360969066619,1779994286307,get_metrics
logic-circuit-ablation-half-risk,Logic_Circuit_Ablation_Half_Risk_2026-05-28 12:53:16,65758f47b64841c09039a94ceb044d59,Loss: Batch Best,362,0.0256629809737205,1779994355282,get_metrics
logic-circuit-ablation-half-risk,Logic_Circuit_Ablation_Half_Risk_2026-05-28 12:53:16,65758f47b64841c09039a94ceb044d59,Loss: Batch Best,363,0.025400336831808,1779994425697,get_metrics
logic-circuit-ablation-half-risk,Logic_Circuit_Ablation_Half_Risk_2026-05-28 12:53:16,65758f47b64841c09039a94ceb044d59,Loss: Batch Best,364,0.0253400895744562,1779994495118,get_metrics
logic-circuit-ablation-half-risk,Logic_Circuit_Ablation_Half_Risk_2026-05-28 12:53:16,65758f47b64841c09039a94ceb044d59,Loss: Batch Best,365,0.0255319308489561,1779994564538,get_metrics
logic-circuit-ablation-half-risk,Logic_Circuit_Ablation_Half_Risk_2026-05-28 12:53:16,65758f47b64841c09039a94ceb044d59,Loss: Batch Best,366,0.0255177859216928,1779994658276,get_metrics
logic-circuit-ablation-half-risk,Logic_Circuit_Ablation_Half_Risk_2026-05-28 12:53:16,65758f47b64841c09039a94ceb044d59,Loss: Batch Best,367,0.0260356869548559,1779994727745,get_metrics
logic-circuit-ablation-half-risk,Logic_Circuit_Ablation_Half_Risk_2026-05-28 12:53:16,65758f47b64841c09039a94ceb044d59,Loss: Batch Best,368,0.0254972856491804,1779994793959,get_metrics
logic-circuit-ablation-half-risk,Logic_Circuit_Ablation_Half_Risk_2026-05-28 12:53:16,65758f47b64841c09039a94ceb044d59,Loss: Batch Best,369,0.0251986384391784,1779994865584,get_metrics
logic-circuit-ablation-half-risk,Logic_Circuit_Ablation_Half_Risk_2026-05-28 12:53:16,65758f47b64841c09039a94ceb044d59,Loss: Batch Best,370,0.025493461638689,1779994932729,get_metrics
logic-circuit-ablation-half-risk,Logic_Circuit_Ablation_Half_Risk_2026-05-28 12:53:16,65758f47b64841c09039a94ceb044d59,Loss: Batch Best,371,0.02530606277287,1779995026432,get_metrics
logic-circuit-ablation-half-risk,Logic_Circuit_Ablation_Half_Risk_2026-05-28 12:53:16,65758f47b64841c09039a94ceb044d59,Loss: Batch Best,372,0.0259976238012313,1779995098595,get_metrics
logic-circuit-ablation-half-risk,Logic_Circuit_Ablation_Half_Risk_2026-05-28 12:53:16,65758f47b64841c09039a94ceb044d59,Loss: Batch Best,373,0.0254608076065778,1779995167708,get_metrics
logic-circuit-ablation-half-risk,Logic_Circuit_Ablation_Half_Risk_2026-05-28 12:53:16,65758f47b64841c09039a94ceb044d59,Loss: Batch Best,374,0.0215355195105075,1779995234082,get_metrics
logic-circuit-ablation-half-risk,Logic_Circuit_Ablation_Half_Risk_2026-05-28 12:53:16,65758f47b64841c09039a94ceb044d59,Loss: Batch Best,375,0.025370318442583,1779995302658,get_metrics
logic-circuit-ablation-half-risk,Logic_Circuit_Ablation_Half_Risk_2026-05-28 12:53:16,65758f47b64841c09039a94ceb044d59,Loss: Batch Best,376,0.0258375275880098,1779995396780,get_metrics
logic-circuit-ablation-half-risk,Logic_Circuit_Ablation_Half_Risk_2026-05-28 12:53:16,65758f47b64841c09039a94ceb044d59,Loss: Batch Best,377,0.0259490720927715,1779995465724,get_metrics
logic-circuit-ablation-half-risk,Logic_Circuit_Ablation_Half_Risk_2026-05-28 12:53:16,65758f47b64841c09039a94ceb044d59,Loss: Batch Best,378,0.0256822872906923,1779995531792,get_metrics
logic-circuit-ablation-half-risk,Logic_Circuit_Ablation_Half_Risk_2026-05-28 12:53:16,65758f47b64841c09039a94ceb044d59,Loss: Batch Best,379,0.0254849065095186,1779995602288,get_metrics
logic-circuit-ablation-half-risk,Logic_Circuit_Ablation_Half_Risk_2026-05-28 12:53:16,65758f47b64841c09039a94ceb044d59,Loss: Batch Best,380,0.0254863854497671,1779995669293,get_metrics
logic-circuit-ablation-half-risk,Logic_Circuit_Ablation_Half_Risk_2026-05-28 12:53:16,65758f47b64841c09039a94ceb044d59,Loss: Batch Best,381,0.0253730397671461,1779995764687,get_metrics
logic-circuit-ablation-half-risk,Logic_Circuit_Ablation_Half_Risk_2026-05-28 12:53:16,65758f47b64841c09039a94ceb044d59,Loss: Batch Best,382,0.0257563833147287,1779995834784,get_metrics
logic-circuit-ablation-half-risk,Logic_Circuit_Ablation_Half_Risk_2026-05-28 12:53:16,65758f47b64841c09039a94ceb044d59,Loss: Batch Best,383,0.0259319841861724,1779995900971,get_metrics
logic-circuit-ablation-half-risk,Logic_Circuit_Ablation_Half_Risk_2026-05-28 12:53:16,65758f47b64841c09039a94ceb044d59,Loss: Batch Best,384,0.0255630537867546,1779995969848,get_metrics
logic-circuit-ablation-half-risk,Logic_Circuit_Ablation_Half_Risk_2026-05-28 12:53:16,65758f47b64841c09039a94ceb044d59,Loss: Batch Best,385,0.0257285051047801,1779996040226,get_metrics
logic-circuit-ablation-half-risk,Logic_Circuit_Ablation_Half_Risk_2026-05-28 12:53:16,65758f47b64841c09039a94ceb044d59,Loss: Batch Best,386,0.0259078796952962,1779996133894,get_metrics
logic-circuit-ablation-half-risk,Logic_Circuit_Ablation_Half_Risk_2026-05-28 12:53:16,65758f47b64841c09039a94ceb044d59,Loss: Batch Best,387,0.0244690310209989,1779996204087,get_metrics
logic-circuit-ablation-half-risk,Logic_Circuit_Ablation_Half_Risk_2026-05-28 12:53:16,65758f47b64841c09039a94ceb044d59,Loss: Batch Best,388,0.0253162179142236,1779996273178,get_metrics
logic-circuit-ablation-half-risk,Logic_Circuit_Ablation_Half_Risk_2026-05-28 12:53:16,65758f47b64841c09039a94ceb044d59,Loss: Batch Best,389,0.0232767220586538,1779996340157,get_metrics
logic-circuit-ablation-half-risk,Logic_Circuit_Ablation_Half_Risk_2026-05-28 12:53:16,65758f47b64841c09039a94ceb044d59,Loss: Batch Best,390,0.0257048401981592,1779996409586,get_metrics
logic-circuit-ablation-half-risk,Logic_Circuit_Ablation_Half_Risk_2026-05-28 12:53:16,65758f47b64841c09039a94ceb044d59,Loss: Batch Best,391,0.0259600449353456,1779996504936,get_metrics
logic-circuit-ablation-half-risk,Logic_Circuit_Ablation_Half_Risk_2026-05-28 12:53:16,65758f47b64841c09039a94ceb044d59,Loss: Batch Best,392,0.0259547047317028,1779996571733,get_metrics
logic-circuit-ablation-half-risk,Logic_Circuit_Ablation_Half_Risk_2026-05-28 12:53:16,65758f47b64841c09039a94ceb044d59,Loss: Batch Best,393,0.0255618840456008,1779996638471,get_metrics
logic-circuit-ablation-half-risk,Logic_Circuit_Ablation_Half_Risk_2026-05-28 12:53:16,65758f47b64841c09039a94ceb044d59,Loss: Batch Best,394,0.0249266661703586,1779996710444,get_metrics
logic-circuit-ablation-half-risk,Logic_Circuit_Ablation_Half_Risk_2026-05-28 12:53:16,65758f47b64841c09039a94ceb044d59,Loss: Batch Best,395,0.0258872453123331,1779996778019,get_metrics
logic-circuit-ablation-half-risk,Logic_Circuit_Ablation_Half_Risk_2026-05-28 12:53:16,65758f47b64841c09039a94ceb044d59,Loss: Batch Best,396,0.0256114564836025,1779996873207,get_metrics
logic-circuit-ablation-half-risk,Logic_Circuit_Ablation_Half_Risk_2026-05-28 12:53:16,65758f47b64841c09039a94ceb044d59,Loss: Batch Best,397,0.0258471816778183,1779996941739,get_metrics
logic-circuit-ablation-half-risk,Logic_Circuit_Ablation_Half_Risk_2026-05-28 12:53:16,65758f47b64841c09039a94ceb044d59,Loss: Batch Best,398,0.0256086979061365,1779997007632,get_metrics
logic-circuit-ablation-half-risk,Logic_Circuit_Ablation_Half_Risk_2026-05-28 12:53:16,65758f47b64841c09039a94ceb044d59,Loss: Batch Best,399,0.0243707355111837,1779997077962,get_metrics
