setting,seed_label,best_loss,hit_epoch,hit_candidate_evaluations,hit_loss
B=100,seed000,4.413352438533215,426.0,42600.0,4.413352438533215
B=100,seed003,18.29015763574084,299.0,29900.0,18.290157635740837
B=100,seed004,15.792767469071752,457.0,45700.0,15.792767469071752
B=100,seed011,19.854646256487896,625.0,62500.0,19.854646256487896
B=100,seed013,14.556121782785668,258.0,25800.0,14.556121782785668
B=100,seed014,13.751165216342828,230.0,23000.0,13.751165216342828
B=100,seed017,14.03801968344522,224.0,22400.0,14.03801968344522
B=100,seed020,15.14054107848314,588.0,58800.0,15.14054107848314
B=100,seed022,19.663129950878947,354.0,35400.0,19.663129950878947
B=100,seed024,19.35762859678083,593.0,59300.0,19.35762859678083
B=100,seed026,16.40717593521643,544.0,54400.0,16.40717593521643
B=100,seed028,19.76569246900376,460.0,46000.0,19.765692469003756
B=100,seed029,19.25471757065913,493.0,49300.0,19.25471757065913
B=100,seed030,10.95318624620611,317.0,31700.0,10.95318624620611
B=100,seed033,18.48999576678112,715.0,71500.0,18.48999576678112
B=100,seed034,17.401820902096507,199.0,19900.0,17.401820902096507
B=100,seed035,17.072441287560686,170.0,17000.0,17.072441287560686
B=100,seed037,15.35232064418472,195.0,19500.0,15.35232064418472
B=100,seed038,18.63624070731948,456.0,45600.0,18.636240707319477
B=100,seed042,13.018393082149752,140.0,14000.0,13.018393082149752
B=100,seed043,19.68144833751777,525.0,52500.0,19.68144833751777
B=100,seed045,18.188691560844816,318.0,31800.0,18.188691560844816
B=100,seed047,18.36077412935442,425.0,42500.0,18.36077412935442
B=100,seed050,11.970934971479636,178.0,17800.0,11.970934971479636
B=100,seed051,19.844991790167025,498.0,49800.0,19.844991790167025
B=100,seed054,13.431077487602716,187.0,18700.0,13.431077487602716
B=100,seed055,16.477357336478274,508.0,50800.0,16.477357336478274
B=100,seed056,17.173209524760146,197.0,19700.0,17.173209524760146
B=100,seed057,14.642067565848148,557.0,55700.0,14.642067565848148
B=100,seed060,11.93486246111047,160.0,16000.0,11.93486246111047
B=100,seed062,18.88577227857049,476.0,47600.0,18.88577227857049
B=100,seed063,11.444898847374478,154.0,15400.0,11.444898847374478
B=100,seed066,19.85163540614832,568.0,56800.0,19.85163540614832
B=100,seed067,18.366770932229155,736.0,73600.0,18.366770932229155
B=100,seed068,19.88240139317981,773.0,77300.0,19.88240139317981
B=100,seed069,7.911126571250549,360.0,36000.0,7.911126571250549
B=100,seed071,15.261307110194029,198.0,19800.0,15.261307110194029
B=100,seed073,12.512011085545712,187.0,18700.0,12.512011085545712
B=100,seed080,15.478529830147815,288.0,28800.0,15.478529830147815
B=100,seed082,15.772735734910132,165.0,16500.0,15.772735734910132
B=100,seed083,17.846604154042126,224.0,22400.0,17.846604154042126
B=100,seed085,16.896411563100514,755.0,75500.0,16.896411563100514
B=100,seed087,15.056890104150051,198.0,19800.0,15.056890104150051
B=100,seed089,19.15819429971699,469.0,46900.0,19.15819429971699
B=100,seed097,18.31807739151194,322.0,32200.0,18.31807739151194
B=100,seed102,19.18128944024745,630.0,63000.0,19.18128944024745
B=100,seed103,19.8061026345698,571.0,57100.0,19.8061026345698
B=100,seed104,18.824905907428,288.0,28800.0,18.824905907428
B=100,seed105,19.118279819768205,244.0,24400.0,19.118279819768205
B=100,seed112,11.649539116626997,753.0,75300.0,11.649539116626997
B=100,seed115,16.036817014943136,200.0,20000.0,16.036817014943136
B=100,seed118,7.6522597881026515,170.0,17000.0,7.6522597881026515
B=100,seed120,12.976203542498414,235.0,23500.0,12.976203542498414
B=100,seed121,16.97403477123957,160.0,16000.0,16.97403477123957
B=100,seed126,12.925654388688429,139.0,13900.0,12.925654388688429
B=100,seed129,11.215635559967886,353.0,35300.0,11.215635559967886
B=100,seed131,19.68861741583797,794.0,79400.0,19.68861741583797
B=100,seed132,19.907518151015424,187.0,18700.0,19.907518151015424
B=100,seed138,14.122974098960745,140.0,14000.0,14.122974098960745
B=100,seed142,12.419940811489786,261.0,26100.0,12.419940811489786
B=100,seed145,6.921361483485553,647.0,64700.0,6.921361483485553
B=100,seed155,15.509906763542936,438.0,43800.0,15.509906763542936
B=100,seed156,19.863541518395664,535.0,53500.0,19.863541518395664
B=100,seed161,12.93565012814216,265.0,26500.0,12.93565012814216
B=100,seed166,16.01564607711383,286.0,28600.0,16.01564607711383
B=100,seed170,19.29169237716575,315.0,31500.0,19.29169237716575
B=100,seed171,15.625883647015442,426.0,42600.0,15.625883647015442
B=100,seed173,15.417893950911832,517.0,51700.0,15.417893950911832
B=100,seed175,13.078836160968905,323.0,32300.0,13.078836160968905
B=100,seed176,11.260786732036344,264.0,26400.0,11.260786732036344
B=100,seed178,12.727280166728097,216.0,21600.0,12.727280166728097
B=100,seed184,19.88175797108237,387.0,38700.0,19.88175797108237
B=100,seed187,19.68821106277208,734.0,73400.0,19.688211062772076
B=100,seed192,16.595201456795742,380.0,38000.0,16.595201456795742
B=100,seed196,13.311365160411274,359.0,35900.0,13.311365160411274
B=100,seed197,19.17546034564544,458.0,45800.0,19.17546034564544
B=100,seed199,19.318698604192488,126.0,12600.0,19.318698604192488
B=100,seed200,19.23953071645014,329.0,32900.0,19.23953071645014
B=100,seed203,18.19181365234573,398.0,39800.0,18.19181365234573
B=100,seed207,17.00071763513393,289.0,28900.0,17.00071763513393
B=100,seed208,13.955587075621814,765.0,76500.0,13.955587075621814
B=100,seed211,8.36465351812518,576.0,57600.0,8.36465351812518
B=100,seed212,15.252024034990576,166.0,16600.0,15.252024034990576
B=100,seed214,18.710299824548056,213.0,21300.0,18.710299824548056
B=100,seed217,17.847079193721257,306.0,30600.0,17.847079193721257
B=100,seed220,19.983196731545185,339.0,33900.0,19.983196731545185
B=100,seed222,17.6171692653593,145.0,14500.0,17.6171692653593
B=100,seed224,19.764622988132537,196.0,19600.0,19.764622988132537
B=100,seed226,13.683815209243823,269.0,26900.0,13.683815209243823
B=100,seed228,12.239438859676197,354.0,35400.0,12.239438859676197
B=100,seed229,14.22793790615628,245.0,24500.0,14.22793790615628
B=100,seed230,4.54095058774636,188.0,18800.0,4.54095058774636
B=100,seed233,17.147026133868234,492.0,49200.0,17.147026133868234
B=100,seed236,19.86159207142844,434.0,43400.0,19.86159207142844
B=100,seed238,18.01630461877473,418.0,41800.0,18.01630461877473
B=100,seed241,19.69566146100661,215.0,21500.0,19.69566146100661
B=100,seed242,18.673022433454136,179.0,17900.0,18.673022433454136
B=100,seed243,18.229247649438083,159.0,15900.0,18.229247649438083
B=100,seed247,19.835804134242327,628.0,62800.0,19.835804134242327
B=100,seed249,16.78395711880758,325.0,32500.0,16.78395711880758
B=100,seed251,13.908724719319014,169.0,16900.0,13.908724719319014
B=100,seed252,17.555525447863758,281.0,28100.0,17.555525447863758
B=100,seed253,18.61291203976722,437.0,43700.0,18.61291203976722
B=100,seed254,9.76443470845565,194.0,19400.0,9.76443470845565
B=100,seed255,15.93230287762901,495.0,49500.0,15.93230287762901
B=100,seed257,19.017657772146293,679.0,67900.0,19.017657772146293
B=100,seed258,18.20029045694355,210.0,21000.0,18.20029045694355
B=100,seed266,19.98444590735185,368.0,36800.0,19.98444590735185
B=100,seed269,18.944830139167703,197.0,19700.0,18.944830139167703
B=100,seed273,13.749985846519364,356.0,35600.0,13.749985846519364
B=100,seed274,10.368754052963094,168.0,16800.0,10.368754052963094
B=100,seed277,13.01608046345126,605.0,60500.0,13.01608046345126
B=100,seed278,12.68020738221446,242.0,24200.0,12.68020738221446
B=100,seed281,16.85459026608493,409.0,40900.0,16.85459026608493
B=100,seed282,15.811536369156638,500.0,50000.0,15.811536369156638
B=100,seed283,16.622599719969433,177.0,17700.0,16.622599719969433
B=100,seed287,15.864589282594087,290.0,29000.0,15.864589282594087
B=100,seed289,16.20544224965714,414.0,41400.0,16.20544224965714
B=100,seed290,9.648189938694443,626.0,62600.0,9.648189938694443
B=100,seed291,16.421526355299626,186.0,18600.0,16.421526355299626
B=100,seed297,12.629977680902028,267.0,26700.0,12.629977680902028
B=100,seed298,10.421034731271703,592.0,59200.0,10.421034731271703
B=100,seed299,7.202604856857569,213.0,21300.0,7.202604856857569
B=100,seed300,17.819267297135,157.0,15700.0,17.819267297135
B=100,seed301,19.532726101332244,238.0,23800.0,19.532726101332244
B=100,seed302,14.830134182003246,403.0,40300.0,14.830134182003246
B=100,seed303,17.601683442518386,321.0,32100.0,17.601683442518386
B=100,seed305,19.40381307458733,180.0,18000.0,19.40381307458733
B=100,seed310,17.545856047298695,232.0,23200.0,17.545856047298695
B=100,seed312,5.312473602400877,713.0,71300.0,5.312473602400877
B=100,seed314,17.684945562980158,431.0,43100.0,17.684945562980158
B=100,seed324,16.10807478854742,723.0,72300.0,16.10807478854742
B=100,seed329,16.63681128886115,333.0,33300.0,16.63681128886115
B=100,seed335,14.430991139306856,239.0,23900.0,14.430991139306856
B=100,seed337,19.73471192178549,394.0,39400.0,19.73471192178549
B=100,seed340,19.40608074692153,359.0,35900.0,19.40608074692153
B=100,seed345,19.90137392712248,308.0,30800.0,19.90137392712248
B=100,seed346,19.44803315469638,243.0,24300.0,19.44803315469638
B=100,seed347,17.178520584272384,670.0,67000.0,17.178520584272384
B=100,seed350,17.702389195498526,599.0,59900.0,17.702389195498526
B=100,seed351,15.672942882496557,211.0,21100.0,15.672942882496557
B=100,seed352,18.732329213971777,232.0,23200.0,18.732329213971777
B=100,seed353,8.240304019150809,324.0,32400.0,8.240304019150809
B=100,seed356,16.49430343773325,233.0,23300.0,16.49430343773325
B=100,seed359,18.246983776856474,389.0,38900.0,18.246983776856474
B=100,seed361,10.193949107719478,306.0,30600.0,10.193949107719478
B=100,seed369,4.663023927765267,409.0,40900.0,4.663023927765267
B=100,seed372,9.147181942568205,265.0,26500.0,9.147181942568205
B=100,seed381,19.6248315952679,454.0,45400.0,19.6248315952679
B=100,seed382,12.050055629728952,245.0,24500.0,12.050055629728952
B=100,seed383,18.063431921559538,161.0,16100.0,18.063431921559538
B=100,seed391,11.443878377051597,347.0,34700.0,11.443878377051597
B=100,seed393,15.872709260563138,194.0,19400.0,15.872709260563138
B=100,seed394,15.005802745573774,153.0,15300.0,15.005802745573774
B=100,seed397,19.18656278499791,405.0,40500.0,19.18656278499791
B=100,seed398,13.950826923609227,320.0,32000.0,13.950826923609227
B=100,seed399,18.27912681682969,560.0,56000.0,18.27912681682969
B=200,seed007,18.926331295204747,163.0,32600.0,18.926331295204747
B=200,seed019,11.877702110609128,187.0,37400.0,11.877702110609128
B=200,seed008,16.352948207939384,210.0,42000.0,16.352948207939384
B=200,seed015,12.544681871034369,215.0,43000.0,12.544681871034369
B=200,seed005,19.830519662370705,304.0,60800.0,19.830519662370705
B=200,seed010,9.844267403786832,401.0,80200.0,9.844267403786832
B=200,seed018,9.243417272731234,423.0,84600.0,9.243417272731234
B=200,seed025,16.90268944549483,129.0,25800.0,16.90268944549483
B=200,seed006,18.00027922251714,554.0,110800.0,18.00027922251714
B=200,seed002,19.596176742222013,569.0,113800.0,19.596176742222013
B=200,seed026,19.391154087236337,239.0,47800.0,19.391154087236337
B=200,seed024,13.963917767217843,388.0,77600.0,13.963917767217843
B=200,seed021,12.839236764212194,534.0,106800.0,12.839236764212194
B=200,seed030,19.63439679592167,188.0,37600.0,19.63439679592167
B=200,seed027,12.968932892682949,345.0,69000.0,12.968932892682949
B=200,seed037,19.19164876613993,139.0,27800.0,19.19164876613993
B=200,seed039,19.42430664934558,135.0,27000.0,19.42430664934558
B=200,seed035,9.145097852405334,168.0,33600.0,9.145097852405334
B=200,seed029,17.544443538662925,439.0,87800.0,17.544443538662925
B=200,seed042,4.239059290816615,163.0,32600.0,4.239059290816615
B=200,seed045,18.524937083314363,139.0,27800.0,18.524937083314363
B=200,seed053,10.105265400957633,127.0,25400.0,10.105265400957633
B=200,seed050,16.515356782846407,172.0,34400.0,16.515356782846407
B=200,seed041,18.82730974025196,382.0,76400.0,18.82730974025196
B=200,seed033,19.517485227583613,468.0,93600.0,19.517485227583613
B=200,seed043,16.385733156404463,533.0,106600.0,16.385733156404463
B=200,seed047,19.011499999762343,490.0,98000.0,19.011499999762343
B=200,seed036,17.572575308207934,701.0,140200.0,17.572575308207934
B=200,seed061,14.320748468534005,156.0,31200.0,14.320748468534005
B=200,seed051,8.262818401126555,598.0,119600.0,8.262818401126555
B=200,seed048,19.028527922669813,636.0,127200.0,19.028527922669813
B=200,seed055,14.19023059120963,508.0,101600.0,14.19023059120963
B=200,seed063,12.18547814202029,232.0,46400.0,12.18547814202029
B=200,seed066,15.316433536711802,166.0,33200.0,15.316433536711802
B=200,seed070,16.859007905965363,170.0,34000.0,16.859007905965363
B=200,seed067,15.000004588662396,225.0,45000.0,15.000004588662396
B=200,seed052,19.43490617290366,781.0,156200.0,19.43490617290366
B=200,seed073,19.28761875821537,173.0,34600.0,19.28761875821537
B=200,seed075,13.394650157554896,148.0,29600.0,13.394650157554896
B=200,seed071,19.62944440182912,307.0,61400.0,19.62944440182912
B=200,seed074,17.383880365851816,276.0,55200.0,17.383880365851816
B=200,seed081,17.31272398798937,152.0,30400.0,17.31272398798937
B=200,seed077,10.004771240618531,275.0,55000.0,10.004771240618531
B=200,seed083,8.622530440597814,172.0,34400.0,8.622530440597814
B=200,seed079,12.736177683126332,311.0,62200.0,12.736177683126332
B=200,seed080,19.886436115931737,390.0,78000.0,19.886436115931737
B=200,seed082,16.923548929786147,363.0,72600.0,16.923548929786147
B=200,seed088,12.898080324574938,217.0,43400.0,12.898080324574938
B=200,seed089,13.147894778130658,287.0,57400.0,13.147894778130658
B=200,seed094,19.1950302551281,225.0,45000.0,19.1950302551281
B=200,seed098,17.894063375286642,318.0,63600.0,17.894063375286642
B=200,seed096,15.681219522375564,367.0,73400.0,15.681219522375564
B=200,seed092,13.380373649539052,486.0,97200.0,13.380373649539052
B=200,seed095,15.511724941748277,455.0,91000.0,15.511724941748277
B=200,seed107,8.777119261300205,179.0,35800.0,8.777119261300205
B=200,seed091,19.74139638130045,744.0,148800.0,19.74139638130045
B=200,seed099,16.721747309055345,627.0,125400.0,16.721747309055345
B=200,seed109,14.941515628104032,310.0,62000.0,14.941515628104032
B=200,seed116,19.085644671132503,249.0,49800.0,19.085644671132503
B=200,seed112,19.00531768419746,422.0,84400.0,19.00531768419746
B=200,seed110,18.99551205003564,491.0,98200.0,18.99551205003564
B=200,seed121,17.704064530245073,126.0,25200.0,17.704064530245073
B=200,seed113,17.103632143212796,510.0,102000.0,17.103632143212796
B=200,seed123,19.356046065441184,338.0,67600.0,19.356046065441184
B=200,seed114,12.882831530928245,758.0,151600.0,12.882831530928245
B=200,seed118,16.472970058768357,610.0,122000.0,16.472970058768357
B=200,seed120,17.50646386068745,685.0,137000.0,17.50646386068745
B=200,seed127,5.496181329137978,470.0,94000.0,5.496181329137978
B=200,seed136,19.85562805443252,221.0,44200.0,19.85562805443252
B=200,seed135,15.600533517850964,289.0,57800.0,15.600533517850964
B=200,seed137,14.32988126387339,337.0,67400.0,14.32988126387339
B=200,seed143,17.02391021135133,257.0,51400.0,17.02391021135133
B=200,seed139,18.58272404104709,388.0,77600.0,18.58272404104709
B=200,seed155,19.416699125171714,148.0,29600.0,19.416699125171714
B=200,seed151,17.243697399043267,238.0,47600.0,17.243697399043267
B=200,seed147,16.764331360532914,428.0,85600.0,16.764331360532914
B=200,seed149,15.63556712410514,453.0,90600.0,15.63556712410514
B=200,seed158,13.621188617872017,239.0,47800.0,13.621188617872017
B=200,seed157,10.135015470717011,326.0,65200.0,10.135015470717011
B=200,seed165,10.4776490747132,109.0,21800.0,10.4776490747132
B=200,seed145,19.76147337710633,762.0,152400.0,19.76147337710633
B=200,seed160,11.048641311949572,321.0,64200.0,11.048641311949572
B=200,seed162,17.634574658819464,233.0,46600.0,17.634574658819464
B=200,seed170,16.415534642642804,152.0,30400.0,16.415534642642804
B=200,seed173,19.037168431935328,149.0,29800.0,19.037168431935328
B=200,seed161,13.829780175205208,456.0,91200.0,13.829780175205208
B=200,seed174,19.823049092125324,187.0,37400.0,19.823049092125324
B=200,seed167,17.968935231065124,446.0,89200.0,17.968935231065124
B=200,seed179,17.834048704349414,175.0,35000.0,17.834048704349414
B=200,seed180,19.414991779118186,117.0,23400.0,19.414991779118186
B=200,seed168,15.463311508948838,441.0,88200.0,15.463311508948838
B=200,seed166,18.93193428205405,488.0,97600.0,18.93193428205405
B=200,seed187,16.82241080239433,113.0,22600.0,16.82241080239433
B=200,seed175,11.805238471022856,419.0,83800.0,11.805238471022856
B=200,seed188,17.81356145165678,253.0,50600.0,17.81356145165678
B=200,seed191,19.27513654031383,296.0,59200.0,19.27513654031383
B=200,seed182,19.75172535560017,494.0,98800.0,19.75172535560017
B=200,seed193,19.95442308973923,212.0,42400.0,19.95442308973923
B=200,seed194,19.43419347510961,186.0,37200.0,19.43419347510961
B=200,seed189,18.50611134072095,437.0,87400.0,18.50611134072095
B=200,seed199,16.186712083968228,131.0,26200.0,16.186712083968228
B=200,seed204,12.953060414547664,122.0,24400.0,12.953060414547664
B=200,seed181,13.590933330308369,735.0,147000.0,13.590933330308369
B=200,seed208,19.537360945578783,118.0,23600.0,19.537360945578783
B=200,seed203,17.423359416712188,289.0,57800.0,17.423359416712188
B=200,seed207,10.54716074374662,156.0,31200.0,10.54716074374662
B=200,seed200,18.071198538652563,361.0,72200.0,18.071198538652563
B=200,seed213,14.578922664444496,110.0,22000.0,14.578922664444496
B=200,seed211,10.018387306428224,326.0,65200.0,10.018387306428224
B=200,seed217,17.83166709884106,384.0,76800.0,17.83166709884106
B=200,seed222,14.475339311197835,149.0,29800.0,14.475339311197835
B=200,seed214,17.21419392228969,482.0,96400.0,17.21419392228969
B=200,seed221,12.355152799634029,295.0,59000.0,12.355152799634029
B=200,seed219,19.00493340904672,442.0,88400.0,19.00493340904672
B=200,seed233,12.57049773664653,155.0,31000.0,12.57049773664653
B=200,seed230,18.28916536426223,243.0,48600.0,18.28916536426223
B=200,seed235,12.006596939042256,236.0,47200.0,12.006596939042256
B=200,seed242,19.062892751620065,105.0,21000.0,19.062892751620065
B=200,seed236,16.896570220896223,276.0,55200.0,16.896570220896223
B=200,seed226,17.30926983446304,556.0,111200.0,17.30926983446304
B=200,seed239,12.293329710561313,325.0,65000.0,12.293329710561313
B=200,seed247,9.137015333650885,156.0,31200.0,9.137015333650885
B=200,seed248,12.267242813655104,145.0,29000.0,12.267242813655104
B=200,seed245,13.908531614813416,338.0,67600.0,13.908531614813416
B=200,seed246,16.77062840558528,303.0,60600.0,16.77062840558528
B=200,seed254,19.543524273044444,108.0,21600.0,19.543524273044444
B=200,seed255,19.47738977907793,155.0,31000.0,19.47738977907793
B=200,seed260,19.54920767166961,226.0,45200.0,19.54920767166961
B=200,seed257,19.996546007780218,272.0,54400.0,19.996546007780218
B=200,seed262,19.96650445995059,224.0,44800.0,19.96650445995059
B=200,seed249,19.44664234501261,565.0,113000.0,19.44664234501261
B=200,seed252,17.69334811974734,612.0,122400.0,17.69334811974734
B=200,seed259,10.957863120774078,457.0,91400.0,10.957863120774078
B=200,seed264,19.656593835187067,345.0,69000.0,19.656593835187067
B=200,seed274,17.525924610057608,169.0,33800.0,17.525924610057608
B=200,seed277,19.950086564399776,149.0,29800.0,19.950086564399776
B=200,seed273,16.54709123154258,304.0,60800.0,16.54709123154258
B=200,seed267,14.907674568770974,531.0,106200.0,14.907674568770974
B=200,seed284,14.145199475539298,132.0,26400.0,14.145199475539298
B=200,seed281,14.773729987217106,269.0,53800.0,14.773729987217106
B=200,seed280,19.20710965603277,277.0,55400.0,19.20710965603277
B=200,seed276,14.80087615706,488.0,97600.0,14.80087615706
B=200,seed285,12.909359071571457,242.0,48400.0,12.909359071571457
B=200,seed270,19.29549028043909,740.0,148000.0,19.29549028043909
B=200,seed278,14.769097849929652,465.0,93000.0,14.769097849929652
B=200,seed283,19.59397014799769,373.0,74600.0,19.59397014799769
B=200,seed275,18.65996991449432,629.0,125800.0,18.65996991449432
B=200,seed286,7.595291588483091,286.0,57200.0,7.595291588483091
B=200,seed287,18.6562635118187,312.0,62400.0,18.6562635118187
B=200,seed291,14.619580579536947,232.0,46400.0,14.619580579536947
B=200,seed297,10.440397628342186,209.0,41800.0,10.440397628342186
B=200,seed305,17.263042417321067,176.0,35200.0,17.263042417321067
B=200,seed294,14.808352339664252,403.0,80600.0,14.808352339664252
B=200,seed301,16.692431179932335,375.0,75000.0,16.692431179932335
B=200,seed293,16.26559657205393,500.0,100000.0,16.26559657205393
B=200,seed308,19.47387347725489,218.0,43600.0,19.47387347725489
B=200,seed310,12.687315112145304,181.0,36200.0,12.687315112145304
B=200,seed307,11.644352607973934,414.0,82800.0,11.644352607973934
B=200,seed304,18.253819794035184,600.0,120000.0,18.253819794035184
B=200,seed311,17.531175572006227,307.0,61400.0,17.531175572006227
B=200,seed299,9.84639199221898,716.0,143200.0,9.84639199221898
B=200,seed309,17.389808063257117,371.0,74200.0,17.389808063257117
B=200,seed316,18.1364578230502,125.0,25000.0,18.1364578230502
B=200,seed314,16.048743257259783,354.0,70800.0,16.048743257259783
B=200,seed318,5.759568791831576,223.0,44600.0,5.759568791831576
B=200,seed322,17.592415051238277,168.0,33600.0,17.592415051238277
B=200,seed324,11.92961198854054,193.0,38600.0,11.92961198854054
B=200,seed327,18.89728091257004,150.0,30000.0,18.89728091257004
B=200,seed317,18.45716615547541,347.0,69400.0,18.45716615547541
B=200,seed328,16.17363088623484,197.0,39400.0,16.17363088623484
B=200,seed335,8.8735586736627,130.0,26000.0,8.8735586736627
B=200,seed312,18.82967323010453,679.0,135800.0,18.82967323010453
B=200,seed331,19.19294349644946,330.0,66000.0,19.19294349644946
B=200,seed339,16.163841413031086,189.0,37800.0,16.163841413031086
B=200,seed338,13.36812572964286,195.0,39000.0,13.36812572964286
B=200,seed341,19.88382027413984,226.0,45200.0,19.88382027413984
B=200,seed342,16.88950360511356,185.0,37000.0,16.88950360511356
B=200,seed325,14.608207057775155,651.0,130200.0,14.608207057775155
B=200,seed343,10.007598837919383,277.0,55400.0,10.007598837919383
B=200,seed348,19.882755263213777,155.0,31000.0,19.882755263213777
B=200,seed347,18.109022467543177,168.0,33600.0,18.109022467543177
B=200,seed337,19.97160672714434,649.0,129800.0,19.97160672714434
B=200,seed352,11.366242881204837,143.0,28600.0,11.366242881204837
B=200,seed350,18.80081760041004,188.0,37600.0,18.80081760041004
B=200,seed351,14.871309000239169,252.0,50400.0,14.871309000239169
B=200,seed358,8.737762156600741,169.0,33800.0,8.737762156600741
B=200,seed359,17.713726168970805,144.0,28800.0,17.713726168970805
B=200,seed362,19.825310562457844,166.0,33200.0,19.825310562457844
B=200,seed366,19.637674542341195,301.0,60200.0,19.637674542341195
B=200,seed365,16.28884740637179,348.0,69600.0,16.28884740637179
B=200,seed367,15.18591173882371,371.0,74200.0,15.18591173882371
B=200,seed353,16.376598692475735,599.0,119800.0,16.376598692475735
B=200,seed373,5.283038692001132,196.0,39200.0,5.283038692001132
B=200,seed356,18.41633445136696,750.0,150000.0,18.41633445136696
B=200,seed364,16.996034181126976,665.0,133000.0,16.996034181126976
B=200,seed378,16.178706196416947,261.0,52200.0,16.178706196416947
B=200,seed372,19.806650934064024,520.0,104000.0,19.806650934064024
B=200,seed375,14.068055190104168,480.0,96000.0,14.068055190104168
B=200,seed374,17.75766022235917,522.0,104400.0,17.75766022235917
B=200,seed387,13.940615214600992,170.0,34000.0,13.940615214600992
B=200,seed385,16.003676402442295,294.0,58800.0,16.003676402442295
B=200,seed388,13.845117555167157,236.0,47200.0,13.845117555167157
B=200,seed386,18.143321370258988,314.0,62800.0,18.143321370258988
B=200,seed389,14.765710648898937,218.0,43600.0,14.765710648898937
B=200,seed391,13.403625924571084,346.0,69200.0,13.403625924571084
B=200,seed399,17.97790536791971,211.0,42200.0,17.97790536791971
B=200,seed392,12.056868976566523,372.0,74400.0,12.056868976566523
B=200,seed379,19.68535696655579,771.0,154200.0,19.68535696655579
B=200,seed397,19.06369481951808,374.0,74800.0,19.06369481951808
B=200,seed398,19.64025810441593,391.0,78200.0,19.64025810441593
