seed,run_id,success,best_loss,stop_reason,elapsed_seconds,success_count_so_far,finished_count_so_far,seed_label,loss_success,parse_ok,rne_is_oscillator,rne_is_broken_oscillator,rne_fixed_by_reaction_removal,rne_posthoc_success,error
7,seed007,True,18.926331295204747,success,1393.6984703540802,1,1,seed007,True,True,True,False,False,True,
19,seed019,True,11.877702110609128,success,1571.7522127628326,2,2,seed019,True,True,True,False,False,True,
8,seed008,True,16.352948207939384,success,1827.5612711906435,3,3,seed008,True,True,True,False,False,True,
15,seed015,True,12.544681871034369,success,1835.2280449867249,4,4,seed015,True,True,True,False,False,True,
5,seed005,True,19.830519662370705,success,2705.950015068054,5,5,seed005,True,True,False,False,False,False,
10,seed010,True,9.844267403786832,success,3402.3094108104706,6,6,seed010,True,True,False,False,False,False,
18,seed018,True,9.243417272731234,success,3674.6897311210632,7,7,seed018,True,True,False,False,False,False,
25,seed025,True,16.90268944549483,success,1176.826444864273,8,8,seed025,True,True,False,False,False,False,
6,seed006,True,18.00027922251714,success,4648.260093927383,9,9,seed006,True,True,True,False,False,True,
2,seed002,True,19.596176742222013,success,4779.3540625572205,10,10,seed002,True,True,False,False,False,False,
26,seed026,True,19.391154087236337,success,2021.6741347312927,11,11,seed026,True,True,False,False,False,False,
24,seed024,True,13.963917767217843,success,3279.572477579117,12,12,seed024,True,True,True,False,False,True,
21,seed021,True,12.839236764212194,success,4529.750417232513,13,13,seed021,True,True,False,True,True,True,
4,seed004,False,105.08260793898852,max_epochs,6709.845990180969,13,14,seed004,False,True,False,False,False,False,
13,seed013,False,32.91189112569199,max_epochs,6708.764919519424,13,15,seed013,False,True,True,False,False,True,
1,seed001,False,110.8193280901932,max_epochs,6715.450539588928,13,16,seed001,False,True,False,False,False,False,
16,seed016,False,104.99673794299449,max_epochs,6718.164190292358,13,17,seed016,False,True,False,False,False,False,
12,seed012,False,110.64969498134154,max_epochs,6727.945410728455,13,18,seed012,False,True,False,False,False,False,
0,seed000,False,110.82858829665068,max_epochs,6790.529700517654,13,19,seed000,False,True,False,False,False,False,
17,seed017,False,105.87035023892356,max_epochs,6798.549321889877,13,20,seed017,False,True,False,False,False,False,
9,seed009,False,69.17190142602261,max_epochs,6834.60661315918,13,21,seed009,False,True,False,False,False,False,
11,seed011,False,66.93948239738602,max_epochs,6927.06204867363,13,22,seed011,False,True,False,False,False,False,
3,seed003,False,23.517702204119587,max_epochs,7320.481619119644,13,23,seed003,False,True,False,False,False,False,
30,seed030,True,19.63439679592167,success,1604.6933872699738,14,24,seed030,True,True,True,False,False,True,
14,seed014,False,21.599580248956286,max_epochs,7422.713124275207,14,25,seed014,False,True,True,False,False,True,
27,seed027,True,12.968932892682949,success,2994.1344561576843,15,26,seed027,True,True,False,False,False,False,
37,seed037,True,19.19164876613993,success,1180.556188583374,16,27,seed037,True,True,True,False,False,True,
39,seed039,True,19.42430664934558,success,1185.7816941738129,17,28,seed039,True,True,True,False,False,True,
20,seed020,False,110.5475172364222,max_epochs,6768.305720329285,17,29,seed020,False,True,False,False,False,False,
35,seed035,True,9.145097852405334,success,1456.9192130565643,18,30,seed035,True,True,False,False,False,False,
29,seed029,True,17.544443538662925,success,3665.581384897232,19,31,seed029,True,True,False,False,False,False,
23,seed023,False,108.74726877742144,max_epochs,6719.542896986008,19,32,seed023,False,True,False,False,False,False,
42,seed042,True,4.239059290816615,success,1421.8478016853333,20,33,seed042,True,True,True,False,False,True,
22,seed022,False,108.56737514697404,max_epochs,6944.017451524735,20,34,seed022,False,True,False,False,False,False,
45,seed045,True,18.524937083314363,success,1215.791838645935,21,35,seed045,True,True,True,False,False,True,
53,seed053,True,10.105265400957633,success,1126.310467004776,22,36,seed053,True,True,True,False,False,True,
50,seed050,True,16.515356782846407,success,1470.2784445285797,23,37,seed050,True,True,False,False,False,False,
41,seed041,True,18.82730974025196,success,3263.338372945785,24,38,seed041,True,True,False,False,False,False,
33,seed033,True,19.517485227583613,success,3916.374900579453,25,39,seed033,True,True,True,False,False,True,
43,seed043,True,16.385733156404463,success,4494.492569923401,26,40,seed043,True,True,False,False,False,False,
28,seed028,False,20.563293935274245,max_epochs,7283.913868188858,26,41,seed028,False,True,True,False,False,True,
47,seed047,True,19.011499999762343,success,4134.1882293224335,27,42,seed047,True,True,False,False,False,False,
36,seed036,True,17.572575308207934,success,5932.143273353577,28,43,seed036,True,True,True,False,False,True,
31,seed031,False,109.6809162190862,max_epochs,6675.874241352081,28,44,seed031,False,True,False,False,False,False,
32,seed032,False,110.73371153824571,max_epochs,6756.426145792007,28,45,seed032,False,True,False,False,False,False,
34,seed034,False,100.7878557858569,max_epochs,6718.706081628799,28,46,seed034,False,True,False,False,False,False,
38,seed038,False,75.59231724640676,max_epochs,6704.624204874039,28,47,seed038,False,True,True,False,False,True,
40,seed040,False,104.3113724260978,max_epochs,6669.854598999023,28,48,seed040,False,True,False,True,False,False,
61,seed061,True,14.320748468534005,success,1382.7722585201263,29,49,seed061,True,True,True,False,False,True,
51,seed051,True,8.262818401126555,success,5079.360096693039,30,50,seed051,True,True,True,False,False,True,
48,seed048,True,19.028527922669813,success,5563.190074920654,31,51,seed048,True,True,True,False,False,True,
44,seed044,False,43.38045174954331,max_epochs,6723.642609834671,31,52,seed044,False,True,False,False,False,False,
55,seed055,True,14.19023059120963,success,4310.208180904388,32,53,seed055,True,True,True,False,False,True,
46,seed046,False,100.96524625532506,max_epochs,6694.587276220322,32,54,seed046,False,True,False,False,False,False,
63,seed063,True,12.18547814202029,success,2024.8482179641724,33,55,seed063,True,True,True,False,False,True,
49,seed049,False,34.465414039353576,max_epochs,6689.311747312546,33,56,seed049,False,True,False,False,False,False,
66,seed066,True,15.316433536711802,success,1390.1131489276886,34,57,seed066,True,True,True,False,False,True,
70,seed070,True,16.859007905965363,success,1417.8120584487915,35,58,seed070,True,True,False,False,False,False,
67,seed067,True,15.000004588662396,success,1877.006033658981,36,59,seed067,True,True,False,False,False,False,
54,seed054,False,69.13512367589088,max_epochs,6840.367952108383,36,60,seed054,False,True,True,False,False,True,
52,seed052,True,19.43490617290366,success,7049.802808046341,37,61,seed052,True,True,False,False,False,False,
73,seed073,True,19.28761875821537,success,1418.987103223801,38,62,seed073,True,True,True,False,False,True,
75,seed075,True,13.394650157554896,success,1180.5892612934113,39,63,seed075,True,True,True,False,False,True,
56,seed056,False,62.86337825472901,max_epochs,6640.5337426662445,39,64,seed056,False,True,False,True,True,True,
71,seed071,True,19.62944440182912,success,2463.329121828079,40,65,seed071,True,True,False,False,False,False,
57,seed057,False,66.47662227353172,max_epochs,6584.470120429993,40,66,seed057,False,True,False,False,False,False,
74,seed074,True,17.383880365851816,success,2115.659442901612,41,67,seed074,True,True,False,False,False,False,
58,seed058,False,33.239079525043536,max_epochs,6488.282131910324,41,68,seed058,False,True,False,False,False,False,
81,seed081,True,17.31272398798937,success,1220.7581269741058,42,69,seed081,True,True,True,False,False,True,
77,seed077,True,10.004771240618531,success,2124.280853509903,43,70,seed077,True,True,False,False,False,False,
83,seed083,True,8.622530440597814,success,1358.1414699554443,44,71,seed083,True,True,True,False,False,True,
79,seed079,True,12.736177683126332,success,2421.885479450226,45,72,seed079,True,True,False,False,False,False,
59,seed059,False,71.16281758679466,max_epochs,6407.852389335632,45,73,seed059,False,True,True,False,False,True,
60,seed060,False,105.54246734412828,max_epochs,6397.186336994171,45,74,seed060,False,True,False,False,False,False,
80,seed080,True,19.886436115931737,success,2948.8584003448486,46,75,seed080,True,True,True,False,False,True,
82,seed082,True,16.923548929786147,success,2736.832193374634,47,76,seed082,True,True,False,False,False,False,
62,seed062,False,110.7594870478832,max_epochs,6242.224534511566,47,77,seed062,False,True,False,False,False,False,
88,seed088,True,12.898080324574938,success,1646.3892035484314,48,78,seed088,True,True,False,False,False,False,
64,seed064,False,110.78613485860488,max_epochs,6272.502213478088,48,79,seed064,False,True,False,False,False,False,
65,seed065,False,67.58935235748402,max_epochs,6127.191654443741,48,80,seed065,False,True,False,False,False,False,
89,seed089,True,13.147894778130658,success,2287.9462032318115,49,81,seed089,True,True,False,False,False,False,
68,seed068,False,103.46607343200871,max_epochs,6179.046241283417,49,82,seed068,False,True,False,False,False,False,
69,seed069,False,87.62541522876424,max_epochs,6079.043211221695,49,83,seed069,False,True,False,False,False,False,
72,seed072,False,103.42226463641175,max_epochs,6045.202878952026,49,84,seed072,False,True,False,False,False,False,
94,seed094,True,19.1950302551281,success,1737.3195068836212,50,85,seed094,True,True,True,False,False,True,
76,seed076,False,62.76868045783547,max_epochs,6081.144771575928,50,86,seed076,False,True,True,False,False,True,
78,seed078,False,110.77605433578682,max_epochs,6066.17381978035,50,87,seed078,False,True,False,False,False,False,
98,seed098,True,17.894063375286642,success,2396.766598939896,51,88,seed098,True,True,True,False,False,True,
96,seed096,True,15.681219522375564,success,2749.600957632065,52,89,seed096,True,True,False,False,False,False,
92,seed092,True,13.380373649539052,success,3789.544376134872,53,90,seed092,True,True,False,False,False,False,
95,seed095,True,15.511724941748277,success,3464.653308391571,54,91,seed095,True,True,True,False,False,True,
84,seed084,False,111.00563793838344,max_epochs,5977.103697538376,54,92,seed084,False,True,False,False,False,False,
85,seed085,False,33.43115905776661,max_epochs,5956.049893140793,54,93,seed085,False,True,True,False,False,True,
86,seed086,False,110.77107713265198,max_epochs,5964.802568435669,54,94,seed086,False,True,False,False,False,False,
107,seed107,True,8.777119261300205,success,1420.1409373283386,55,95,seed107,True,True,False,True,True,True,
87,seed087,False,70.44437096549454,max_epochs,6234.331747293472,55,96,seed087,False,True,True,False,False,True,
91,seed091,True,19.74139638130045,success,5727.523349285126,56,97,seed091,True,True,True,False,False,True,
90,seed090,False,105.1779737608187,max_epochs,5959.910679101944,56,98,seed090,False,True,False,False,False,False,
99,seed099,True,16.721747309055345,success,4695.895838975906,57,99,seed099,True,True,False,False,False,False,
93,seed093,False,63.47828360009402,max_epochs,6023.740302562714,57,100,seed093,False,True,True,False,False,True,
109,seed109,True,14.941515628104032,success,2364.0358283519745,58,101,seed109,True,True,True,False,False,True,
97,seed097,False,70.93352415639357,max_epochs,6068.6086802482605,58,102,seed097,False,True,True,False,False,True,
101,seed101,False,110.8096512028402,max_epochs,5965.769032716751,58,103,seed101,False,True,False,False,False,False,
116,seed116,True,19.085644671132503,success,1868.6488165855408,59,104,seed116,True,True,False,False,False,False,
100,seed100,False,110.72260526764536,max_epochs,6116.453482627869,59,105,seed100,False,True,True,False,False,True,
102,seed102,False,112.75548817019197,max_epochs,6024.157049417496,59,106,seed102,False,True,False,False,False,False,
112,seed112,True,19.00531768419746,success,3219.95507311821,60,107,seed112,True,True,False,False,False,False,
110,seed110,True,18.99551205003564,success,3703.2373769283295,61,108,seed110,True,True,True,False,False,True,
121,seed121,True,17.704064530245073,success,1011.397129058838,62,109,seed121,True,True,True,False,False,True,
103,seed103,False,110.67677537665278,max_epochs,6063.435973167419,62,110,seed103,False,True,False,False,False,False,
104,seed104,False,69.4620950986954,max_epochs,6124.901818275452,62,111,seed104,False,True,True,False,False,True,
113,seed113,True,17.103632143212796,success,3856.012049436569,63,112,seed113,True,True,True,False,False,True,
105,seed105,False,49.722256624983736,max_epochs,6022.119880914688,63,113,seed105,False,True,False,False,False,False,
106,seed106,False,101.5745110263632,max_epochs,5995.811106920242,63,114,seed106,False,True,False,True,False,False,
108,seed108,False,109.2320948771914,max_epochs,5945.705260753632,63,115,seed108,False,True,False,False,False,False,
123,seed123,True,19.356046065441184,success,2563.089020013809,64,116,seed123,True,True,True,False,False,True,
114,seed114,True,12.882831530928245,success,5660.268612384796,65,117,seed114,True,True,False,False,False,False,
111,seed111,False,72.28722577352858,max_epochs,6043.708143234253,65,118,seed111,False,True,False,False,False,False,
118,seed118,True,16.472970058768357,success,4584.86182808876,66,119,seed118,True,True,True,False,False,True,
115,seed115,False,110.81388328724329,max_epochs,5990.888680934906,66,120,seed115,False,True,False,False,False,False,
120,seed120,True,17.50646386068745,success,5102.0764191150665,67,121,seed120,True,True,True,False,False,True,
127,seed127,True,5.496181329137978,success,3602.91988492012,68,122,seed127,True,True,True,False,False,True,
117,seed117,False,29.773186825647244,max_epochs,6008.519009113312,68,123,seed117,False,True,False,False,False,False,
119,seed119,False,110.85687886365848,max_epochs,5881.98105764389,68,124,seed119,False,True,False,False,False,False,
136,seed136,True,19.85562805443252,success,1728.1872136592865,69,125,seed136,True,True,True,False,False,True,
135,seed135,True,15.600533517850964,success,2166.852293252945,70,126,seed135,True,True,True,False,False,True,
137,seed137,True,14.32988126387339,success,2560.9081687927246,71,127,seed137,True,True,True,False,False,True,
124,seed124,False,100.2760806275172,max_epochs,5973.14463019371,71,128,seed124,False,True,False,False,False,False,
122,seed122,False,41.7695159572606,max_epochs,6052.034036159515,71,129,seed122,False,True,False,False,False,False,
125,seed125,False,61.30275530665874,max_epochs,6029.163358449936,71,130,seed125,False,True,False,False,False,False,
143,seed143,True,17.02391021135133,success,1966.3416979312897,72,131,seed143,True,True,True,False,False,True,
139,seed139,True,18.58272404104709,success,2905.5278630256653,73,132,seed139,True,True,True,False,False,True,
129,seed129,False,106.35894781522776,max_epochs,5974.318777084351,73,133,seed129,False,True,False,False,False,False,
126,seed126,False,65.85932491759976,max_epochs,6487.480349779129,73,134,seed126,False,True,True,False,False,True,
130,seed130,False,21.10563512238117,max_epochs,5911.194886445999,73,135,seed130,False,True,True,False,False,True,
128,seed128,False,21.51205363068029,max_epochs,6571.23205280304,73,136,seed128,False,True,False,False,False,False,
131,seed131,False,110.71472112598384,max_epochs,5979.0572872161865,73,137,seed131,False,True,False,False,False,False,
132,seed132,False,100.05069346132792,max_epochs,6008.230089187622,73,138,seed132,False,True,False,False,False,False,
133,seed133,False,100.00432838824516,max_epochs,6007.44180560112,73,139,seed133,False,True,False,False,False,False,
134,seed134,False,107.61822592558435,max_epochs,5988.869354724884,73,140,seed134,False,True,False,False,False,False,
155,seed155,True,19.416699125171714,success,1173.0919189453125,74,141,seed155,True,True,True,False,False,True,
151,seed151,True,17.243697399043267,success,1808.255498170853,75,142,seed151,True,True,True,False,False,True,
138,seed138,False,59.39593375709529,max_epochs,6098.10348200798,75,143,seed138,False,True,False,True,False,False,
147,seed147,True,16.764331360532914,success,3250.900276184082,76,144,seed147,True,True,True,False,False,True,
149,seed149,True,15.63556712410514,success,3427.194377660752,77,145,seed149,True,True,True,False,False,True,
158,seed158,True,13.621188617872017,success,1823.031149148941,78,146,seed158,True,True,True,False,False,True,
157,seed157,True,10.135015470717011,success,2469.2746982574463,79,147,seed157,True,True,False,False,False,False,
140,seed140,False,54.93121976536931,max_epochs,6039.476577043533,79,148,seed140,False,True,True,False,False,True,
141,seed141,False,102.9672775639774,max_epochs,6218.687118053436,79,149,seed141,False,True,False,False,False,False,
142,seed142,False,108.69325101265036,max_epochs,5927.222724676132,79,150,seed142,False,True,False,False,False,False,
165,seed165,True,10.4776490747132,success,866.555068731308,80,151,seed165,True,True,True,False,False,True,
145,seed145,True,19.76147337710633,success,5767.298143863678,81,152,seed145,True,True,True,False,False,True,
160,seed160,True,11.048641311949572,success,2427.7185056209564,82,153,seed160,True,True,False,False,False,False,
144,seed144,False,106.28126979258424,max_epochs,5945.143817186356,82,154,seed144,False,True,False,False,False,False,
162,seed162,True,17.634574658819464,success,1786.7211174964905,83,155,seed162,True,True,True,False,False,True,
146,seed146,False,101.05642432904676,max_epochs,6000.186584234238,83,156,seed146,False,True,False,False,False,False,
170,seed170,True,16.415534642642804,success,1202.066242933273,84,157,seed170,True,True,True,False,False,True,
173,seed173,True,19.037168431935328,success,1179.6859278678894,85,158,seed173,True,True,True,False,False,True,
161,seed161,True,13.829780175205208,success,3434.4319593906403,86,159,seed161,True,True,False,False,False,False,
148,seed148,False,110.85534894961364,max_epochs,6005.87625670433,86,160,seed148,False,True,False,False,False,False,
174,seed174,True,19.823049092125324,success,1443.9556739330292,87,161,seed174,True,True,True,False,False,True,
150,seed150,False,61.0004383427033,max_epochs,6040.246842384338,87,162,seed150,False,True,False,False,False,False,
152,seed152,False,27.698537539900883,max_epochs,5963.782379627228,87,163,seed152,False,True,False,False,False,False,
153,seed153,False,35.79642452979977,max_epochs,5941.721055746079,87,164,seed153,False,True,True,False,False,True,
154,seed154,False,110.8225261617106,max_epochs,5960.760498523712,87,165,seed154,False,True,False,False,False,False,
156,seed156,False,72.13795028051592,max_epochs,5938.079293012619,87,166,seed156,False,True,False,False,False,False,
167,seed167,True,17.968935231065124,success,3323.1325788497925,88,167,seed167,True,True,True,False,False,True,
179,seed179,True,17.834048704349414,success,1348.816227197647,89,168,seed179,True,True,True,False,False,True,
180,seed180,True,19.414991779118186,success,885.076826095581,90,169,seed180,True,True,True,False,False,True,
168,seed168,True,15.463311508948838,success,3286.9992775917053,91,170,seed168,True,True,True,False,False,True,
166,seed166,True,18.93193428205405,success,3636.460475921631,92,171,seed166,True,True,True,False,False,True,
159,seed159,False,43.56893946081987,max_epochs,5954.634346246719,92,172,seed159,False,True,False,False,False,False,
187,seed187,True,16.82241080239433,success,911.8360304832458,93,173,seed187,True,True,True,False,False,True,
175,seed175,True,11.805238471022856,success,3299.568425655365,94,174,seed175,True,True,False,False,False,False,
163,seed163,False,100.51012782123787,max_epochs,6042.36356139183,94,175,seed163,False,True,False,False,False,False,
188,seed188,True,17.81356145165678,success,2027.5092778205872,95,176,seed188,True,True,False,False,False,False,
164,seed164,False,100.7283181518098,max_epochs,6110.23420548439,95,177,seed164,False,True,False,False,False,False,
191,seed191,True,19.27513654031383,success,2427.930034637451,96,178,seed191,True,True,True,False,False,True,
169,seed169,False,41.90594300418657,max_epochs,6207.8512489795685,96,179,seed169,False,True,False,False,False,False,
182,seed182,True,19.75172535560017,success,3942.601157426834,97,180,seed182,True,True,False,False,False,False,
193,seed193,True,19.95442308973923,success,1737.1586158275604,98,181,seed193,True,True,True,False,False,True,
171,seed171,False,32.89508107435295,max_epochs,6150.48281121254,98,182,seed171,False,True,False,False,False,False,
172,seed172,False,110.65354883640413,max_epochs,6283.53968167305,98,183,seed172,False,True,False,False,False,False,
194,seed194,True,19.43419347510961,success,1503.7405896186829,99,184,seed194,True,True,True,False,False,True,
189,seed189,True,18.50611134072095,success,3472.9936287403107,100,185,seed189,True,True,True,False,False,True,
199,seed199,True,16.186712083968228,success,1022.2849531173706,101,186,seed199,True,True,True,False,False,True,
176,seed176,False,110.62683624499778,max_epochs,6212.542967796326,101,187,seed176,False,True,False,False,False,False,
204,seed204,True,12.953060414547664,success,1015.5283703804016,102,188,seed204,True,True,True,False,False,True,
177,seed177,False,107.75439228501168,max_epochs,6191.22883939743,102,189,seed177,False,True,False,False,False,False,
178,seed178,False,110.649978286047,max_epochs,6357.0083639621735,102,190,seed178,False,True,False,False,False,False,
181,seed181,True,13.590933330308369,success,5700.229545354843,103,191,seed181,True,True,True,False,False,True,
208,seed208,True,19.537360945578783,success,942.6123628616332,104,192,seed208,True,True,True,False,False,True,
183,seed183,False,100.19933402806836,max_epochs,6307.839141130447,104,193,seed183,False,True,False,False,False,False,
203,seed203,True,17.423359416712188,success,2258.217388868332,105,194,seed203,True,True,False,False,False,False,
185,seed185,False,110.8219053660713,max_epochs,6284.007843017578,105,195,seed185,False,True,False,False,False,False,
207,seed207,True,10.54716074374662,success,1266.2891237735748,106,196,seed207,True,True,True,False,False,True,
184,seed184,False,21.039223814020648,max_epochs,6527.580631017685,106,197,seed184,False,True,False,False,False,False,
200,seed200,True,18.071198538652563,success,2804.045517921448,107,198,seed200,True,True,True,False,False,True,
186,seed186,False,110.73007551531816,max_epochs,6254.728025913239,107,199,seed186,False,True,False,False,False,False,
190,seed190,False,103.92680840890888,max_epochs,6223.510659456253,107,200,seed190,False,True,False,False,False,False,
213,seed213,True,14.578922664444496,success,847.8777148723602,108,201,seed213,True,True,True,False,False,True,
192,seed192,False,103.30342282094526,max_epochs,6176.263724088669,108,202,seed192,False,True,False,False,False,False,
211,seed211,True,10.018387306428224,success,2460.8913741111755,109,203,seed211,True,True,True,False,False,True,
195,seed195,False,55.73149906773705,max_epochs,6229.794130325317,109,204,seed195,False,True,True,False,False,True,
196,seed196,False,106.00934774538965,max_epochs,6077.925759315491,109,205,seed196,False,True,False,False,False,False,
217,seed217,True,17.83166709884106,success,2901.8140194416046,110,206,seed217,True,True,False,False,False,False,
197,seed197,False,110.72894567735412,max_epochs,6084.348122835159,110,207,seed197,False,True,False,False,False,False,
222,seed222,True,14.475339311197835,success,1131.3381650447843,111,208,seed222,True,True,True,False,False,True,
201,seed201,False,52.375565207855,max_epochs,5990.505939245224,111,209,seed201,False,True,False,False,False,False,
198,seed198,False,73.88069110156945,max_epochs,6315.352195501328,111,210,seed198,False,True,False,False,False,False,
214,seed214,True,17.21419392228969,success,3574.9317150115967,112,211,seed214,True,True,False,False,False,False,
221,seed221,True,12.355152799634029,success,2284.7295038700104,113,212,seed221,True,True,True,False,False,True,
202,seed202,False,110.8239543508973,max_epochs,6082.755675077438,113,213,seed202,False,True,False,False,False,False,
219,seed219,True,19.00493340904672,success,3273.017091989517,114,214,seed219,True,True,False,False,False,False,
205,seed205,False,23.60943748954025,max_epochs,6051.11873793602,114,215,seed205,False,True,False,False,False,False,
206,seed206,False,111.81871955454233,max_epochs,6149.393830537796,114,216,seed206,False,True,False,False,False,False,
233,seed233,True,12.57049773664653,success,1192.8068962097168,115,217,seed233,True,True,True,False,False,True,
209,seed209,False,110.87192375694951,max_epochs,6037.7678644657135,115,218,seed209,False,True,False,False,False,False,
210,seed210,False,100.24149304249732,max_epochs,5984.7121489048,115,219,seed210,False,True,False,False,False,False,
230,seed230,True,18.28916536426223,success,1865.996416568756,116,220,seed230,True,True,True,False,False,True,
212,seed212,False,110.79830474358174,max_epochs,5941.400610923767,116,221,seed212,False,True,False,False,False,False,
215,seed215,False,110.80543433531749,max_epochs,5941.43788933754,116,222,seed215,False,True,False,False,False,False,
218,seed218,False,62.76732294026715,max_epochs,5937.367582321167,116,223,seed218,False,True,False,False,False,False,
216,seed216,False,110.79142329931524,max_epochs,6281.308092832565,116,224,seed216,False,True,False,False,False,False,
235,seed235,True,12.006596939042256,success,1751.7330577373505,117,225,seed235,True,True,True,False,False,True,
220,seed220,False,27.971309156013227,max_epochs,5979.974341869354,117,226,seed220,False,True,True,False,False,True,
242,seed242,True,19.062892751620065,success,860.3806374073029,118,227,seed242,True,True,True,False,False,True,
236,seed236,True,16.896570220896223,success,2113.830436706543,119,228,seed236,True,True,True,False,False,True,
226,seed226,True,17.30926983446304,success,4170.419719934464,120,229,seed226,True,True,False,False,False,False,
239,seed239,True,12.293329710561313,success,2500.286365032196,121,230,seed239,True,True,False,False,False,False,
247,seed247,True,9.137015333650885,success,1245.6038093566897,122,231,seed247,True,True,True,False,False,True,
224,seed224,False,108.98232355945628,max_epochs,5900.929147005081,122,232,seed224,False,True,False,False,False,False,
223,seed223,False,32.069362285943114,max_epochs,6006.490944623947,122,233,seed223,False,True,False,False,False,False,
248,seed248,True,12.267242813655104,success,1146.663598060608,123,234,seed248,True,True,True,False,False,True,
245,seed245,True,13.908531614813416,success,2588.073344945908,124,235,seed245,True,True,True,False,False,True,
246,seed246,True,16.77062840558528,success,2297.471395015717,125,236,seed246,True,True,False,False,False,False,
227,seed227,False,110.87079532469018,max_epochs,5983.830130815506,125,237,seed227,False,True,False,False,False,False,
229,seed229,False,110.90880900334544,max_epochs,5943.309198856354,125,238,seed229,False,True,False,False,False,False,
228,seed228,False,110.76805894709176,max_epochs,6019.904797554016,125,239,seed228,False,True,False,False,False,False,
225,seed225,False,52.06368075512847,max_epochs,6520.762700557709,125,240,seed225,False,True,False,False,False,False,
231,seed231,False,50.10816852760462,max_epochs,6028.072629451752,125,241,seed231,False,True,False,False,False,False,
232,seed232,False,60.38330467407838,max_epochs,5989.953541278839,125,242,seed232,False,True,True,False,False,True,
254,seed254,True,19.543524273044444,success,870.7190630435944,126,243,seed254,True,True,True,False,False,True,
255,seed255,True,19.47738977907793,success,1176.6092307567596,127,244,seed255,True,True,True,False,False,True,
234,seed234,False,71.43890587211091,max_epochs,6155.911157608032,127,245,seed234,False,True,False,False,False,False,
237,seed237,False,33.104666514246325,max_epochs,5998.640924215317,127,246,seed237,False,True,True,False,False,True,
238,seed238,False,110.8489239074559,max_epochs,5977.165626049042,127,247,seed238,False,True,False,False,False,False,
260,seed260,True,19.54920767166961,success,1776.4875752925873,128,248,seed260,True,True,False,False,False,False,
257,seed257,True,19.996546007780218,success,2047.6807608604431,129,249,seed257,True,True,True,False,False,True,
240,seed240,False,100.59526235927532,max_epochs,5992.403007745743,129,250,seed240,False,True,False,False,False,False,
262,seed262,True,19.96650445995059,success,1714.3882703781128,130,251,seed262,True,True,False,False,False,False,
241,seed241,False,110.75392982457288,max_epochs,5977.225895643234,130,252,seed241,False,True,False,False,False,False,
249,seed249,True,19.44664234501261,success,4226.960631370544,131,253,seed249,True,True,True,False,False,True,
243,seed243,False,110.821514085842,max_epochs,6102.711809635162,131,254,seed243,False,True,False,False,False,False,
244,seed244,False,100.57867838579888,max_epochs,6033.881175994873,131,255,seed244,False,True,False,False,False,False,
252,seed252,True,17.69334811974734,success,4559.24649310112,132,256,seed252,True,True,False,True,False,False,
259,seed259,True,10.957863120774078,success,3439.1702053546906,133,257,seed259,True,True,False,False,False,False,
264,seed264,True,19.656593835187067,success,2778.4624791145325,134,258,seed264,True,True,False,False,False,False,
274,seed274,True,17.525924610057608,success,1310.9921462535858,135,259,seed274,True,True,True,False,False,True,
250,seed250,False,100.52553121916098,max_epochs,5965.746165037155,135,260,seed250,False,True,False,False,False,False,
251,seed251,False,70.99012324752097,max_epochs,6017.292345285416,135,261,seed251,False,True,False,False,False,False,
253,seed253,False,100.4311203233966,max_epochs,5966.677065372467,135,262,seed253,False,True,False,False,False,False,
277,seed277,True,19.950086564399776,success,1143.7676224708557,136,263,seed277,True,True,True,False,False,True,
273,seed273,True,16.54709123154258,success,2318.328012943268,137,264,seed273,True,True,True,False,False,True,
256,seed256,False,110.76316976050768,max_epochs,6045.098070383072,137,265,seed256,False,True,False,False,False,False,
258,seed258,False,110.83755169748176,max_epochs,6161.411568641663,137,266,seed258,False,True,False,False,False,False,
267,seed267,True,14.907674568770974,success,4230.028361558914,138,267,seed267,True,True,True,False,False,True,
261,seed261,False,107.94290069514608,max_epochs,5989.480683326721,138,268,seed261,False,True,False,False,False,False,
284,seed284,True,14.145199475539298,success,1080.3983585834503,139,269,seed284,True,True,True,False,False,True,
263,seed263,False,110.7965985726615,max_epochs,6107.364997625351,139,270,seed263,False,True,False,False,False,False,
281,seed281,True,14.773729987217106,success,2177.8132104873657,140,271,seed281,True,True,False,False,False,False,
280,seed280,True,19.20710965603277,success,2268.784242153168,141,272,seed280,True,True,False,False,False,False,
276,seed276,True,14.80087615706,success,3953.0301861763,142,273,seed276,True,True,True,False,False,True,
266,seed266,False,71.68580211685494,max_epochs,6227.002190113068,142,274,seed266,False,True,False,False,False,False,
265,seed265,False,26.77661365260021,max_epochs,6484.664215326309,142,275,seed265,False,True,False,False,False,False,
285,seed285,True,12.909359071571457,success,1900.343782186508,143,276,seed285,True,True,True,False,False,True,
270,seed270,True,19.29549028043909,success,5674.57830953598,144,277,seed270,True,True,True,False,False,True,
278,seed278,True,14.769097849929652,success,3678.6628782749176,145,278,seed278,True,True,False,False,False,False,
268,seed268,False,71.15664428227048,max_epochs,6178.764739513397,145,279,seed268,False,True,False,False,False,False,
283,seed283,True,19.59397014799769,success,2907.124630689621,146,280,seed283,True,True,False,False,False,False,
275,seed275,True,18.65996991449432,success,4849.4526171684265,147,281,seed275,True,True,False,False,False,False,
269,seed269,False,70.73567810230259,max_epochs,6163.86484670639,147,282,seed269,False,True,False,True,True,True,
286,seed286,True,7.595291588483091,success,2276.2391312122345,148,283,seed286,True,True,True,False,False,True,
287,seed287,True,18.6562635118187,success,2383.45812869072,149,284,seed287,True,True,False,False,False,False,
271,seed271,False,110.72325751820534,max_epochs,6176.497362852097,149,285,seed271,False,True,True,False,False,True,
272,seed272,False,92.87256049029794,max_epochs,6092.051602363586,149,286,seed272,False,True,False,False,False,False,
291,seed291,True,14.619580579536947,success,1764.327667236328,150,287,seed291,True,True,True,False,False,True,
297,seed297,True,10.440397628342186,success,1631.163686990738,151,288,seed297,True,True,True,False,False,True,
305,seed305,True,17.263042417321067,success,1386.603227376938,152,289,seed305,True,True,True,False,False,True,
279,seed279,False,110.58553724586596,max_epochs,6107.588927984238,152,290,seed279,False,True,False,False,False,False,
282,seed282,False,97.56624271818394,max_epochs,5997.893042087555,152,291,seed282,False,True,False,False,False,False,
294,seed294,True,14.808352339664252,success,3061.8945591449738,153,292,seed294,True,True,True,False,False,True,
301,seed301,True,16.692431179932335,success,2831.7108523845677,154,293,seed301,True,True,True,False,False,True,
293,seed293,True,16.26559657205393,success,3704.149789094925,155,294,seed293,True,True,True,False,False,True,
308,seed308,True,19.47387347725489,success,1685.5444276332855,156,295,seed308,True,True,False,False,False,False,
310,seed310,True,12.687315112145304,success,1456.1524238586426,157,296,seed310,True,True,False,False,False,False,
288,seed288,False,28.8714155675874,max_epochs,5988.057151317596,157,297,seed288,False,True,False,False,False,False,
307,seed307,True,11.644352607973934,success,3193.788429021836,158,298,seed307,True,True,True,False,False,True,
304,seed304,True,18.253819794035184,success,4519.770053386688,159,299,seed304,True,True,True,False,False,True,
290,seed290,False,110.72976966095553,max_epochs,6058.033165931702,159,300,seed290,False,True,False,False,False,False,
311,seed311,True,17.531175572006227,success,2318.846699953079,160,301,seed311,True,True,False,False,False,False,
289,seed289,False,76.26751839540249,max_epochs,6309.923978090286,160,302,seed289,False,True,False,False,False,False,
299,seed299,True,9.84639199221898,success,5321.392139911652,161,303,seed299,True,True,True,False,False,True,
292,seed292,False,70.96724325174984,max_epochs,6097.979074954987,161,304,seed292,False,True,False,False,False,False,
309,seed309,True,17.389808063257117,success,2750.7958805561066,162,305,seed309,True,True,False,False,False,False,
316,seed316,True,18.1364578230502,success,983.7321727275848,163,306,seed316,True,True,True,False,False,True,
295,seed295,False,100.04123269529666,max_epochs,5939.705738544464,163,307,seed295,False,True,False,False,False,False,
296,seed296,False,47.754830430346985,max_epochs,5953.184591293335,163,308,seed296,False,True,True,False,False,True,
298,seed298,False,110.83789239630256,max_epochs,5970.7802703380585,163,309,seed298,False,True,False,False,False,False,
300,seed300,False,111.16026057732378,max_epochs,5971.080356836319,163,310,seed300,False,True,False,False,False,False,
302,seed302,False,100.70941440454249,max_epochs,5981.742630720139,163,311,seed302,False,True,False,False,False,False,
303,seed303,False,110.81668079164226,max_epochs,5913.7230219841,163,312,seed303,False,True,False,False,False,False,
314,seed314,True,16.048743257259783,success,2757.809774398804,164,313,seed314,True,True,True,False,False,True,
318,seed318,True,5.759568791831576,success,1695.9990220069883,165,314,seed318,True,True,True,False,False,True,
322,seed322,True,17.592415051238277,success,1256.495768785477,166,315,seed322,True,True,True,False,False,True,
306,seed306,False,78.41021073356038,max_epochs,5950.098233699799,166,316,seed306,False,True,False,False,False,False,
324,seed324,True,11.92961198854054,success,1488.319633245468,167,317,seed324,True,True,True,False,False,True,
327,seed327,True,18.89728091257004,success,1152.6158454418182,168,318,seed327,True,True,True,False,False,True,
317,seed317,True,18.45716615547541,success,2611.0542018413544,169,319,seed317,True,True,False,False,False,False,
328,seed328,True,16.17363088623484,success,1495.4075832366943,170,320,seed328,True,True,True,False,False,True,
335,seed335,True,8.8735586736627,success,1001.4848783016204,171,321,seed335,True,True,True,False,False,True,
312,seed312,True,18.82967323010453,success,5090.961111307144,172,322,seed312,True,True,False,False,False,False,
331,seed331,True,19.19294349644946,success,2474.9888575077057,173,323,seed331,True,True,False,False,False,False,
339,seed339,True,16.163841413031086,success,1414.9651942253113,174,324,seed339,True,True,False,False,False,False,
338,seed338,True,13.36812572964286,success,1497.690177679062,175,325,seed338,True,True,False,False,False,False,
313,seed313,False,94.90026058080532,max_epochs,5905.986555099487,175,326,seed313,False,True,False,False,False,False,
341,seed341,True,19.88382027413984,success,1727.9326312541962,176,327,seed341,True,True,False,False,False,False,
342,seed342,True,16.88950360511356,success,1451.1288270950315,177,328,seed342,True,True,True,False,False,True,
315,seed315,False,96.1337307003732,max_epochs,5966.538420915604,177,329,seed315,False,True,False,False,False,False,
325,seed325,True,14.608207057775155,success,4780.883833169937,178,330,seed325,True,True,True,False,False,True,
319,seed319,False,77.59428481102363,max_epochs,5899.157055139542,178,331,seed319,False,True,False,True,True,True,
343,seed343,True,10.007598837919383,success,2117.5142068862915,179,332,seed343,True,True,True,False,False,True,
320,seed320,False,108.71506972186948,max_epochs,5976.243515968323,179,333,seed320,False,True,False,False,False,False,
321,seed321,False,108.22840985984848,max_epochs,6001.159030675888,179,334,seed321,False,True,False,False,False,False,
323,seed323,False,102.36201608347989,max_epochs,5946.768950462341,179,335,seed323,False,True,True,False,False,True,
348,seed348,True,19.882755263213777,success,1192.7357516288755,180,336,seed348,True,True,True,False,False,True,
347,seed347,True,18.109022467543177,success,1286.6730875968933,181,337,seed347,True,True,True,False,False,True,
326,seed326,False,100.15176151700314,max_epochs,6003.076683998108,181,338,seed326,False,True,False,False,False,False,
329,seed329,False,44.0388590309312,max_epochs,5862.797682762146,181,339,seed329,False,True,False,False,False,False,
337,seed337,True,19.97160672714434,success,5339.162794351578,182,340,seed337,True,True,True,False,False,True,
352,seed352,True,11.366242881204837,success,1143.8815026283264,183,341,seed352,True,True,True,False,False,True,
350,seed350,True,18.80081760041004,success,1474.6422860622406,184,342,seed350,True,True,False,False,False,False,
332,seed332,False,22.64471521646545,max_epochs,5997.978025436401,184,343,seed332,False,True,False,False,False,False,
330,seed330,False,58.33918837038145,max_epochs,6326.170896530151,184,344,seed330,False,True,False,False,False,False,
334,seed334,False,110.76447246871544,max_epochs,5988.852260828018,184,345,seed334,False,True,False,False,False,False,
333,seed333,False,110.72704312781704,max_epochs,6062.495957612991,184,346,seed333,False,True,False,False,False,False,
351,seed351,True,14.871309000239169,success,1887.354308605194,185,347,seed351,True,True,True,False,False,True,
336,seed336,False,53.83167673309577,max_epochs,5964.5486536026,185,348,seed336,False,True,False,False,False,False,
358,seed358,True,8.737762156600741,success,1279.1216707229614,186,349,seed358,True,True,True,False,False,True,
359,seed359,True,17.713726168970805,success,1109.3170194625854,187,350,seed359,True,True,True,False,False,True,
362,seed362,True,19.825310562457844,success,1260.3266394138336,188,351,seed362,True,True,True,False,False,True,
340,seed340,False,100.14982812885631,max_epochs,5953.071238040924,188,352,seed340,False,True,False,False,False,False,
344,seed344,False,109.20520916910296,max_epochs,5993.532584428787,188,353,seed344,False,True,False,False,False,False,
345,seed345,False,110.64540607131296,max_epochs,5967.581241846085,188,354,seed345,False,True,False,False,False,False,
366,seed366,True,19.637674542341195,success,2332.7294285297394,189,355,seed366,True,True,True,False,False,True,
365,seed365,True,16.28884740637179,success,2613.4790325164795,190,356,seed365,True,True,True,False,False,True,
367,seed367,True,15.18591173882371,success,2778.853222370148,191,357,seed367,True,True,True,False,False,True,
353,seed353,True,16.376598692475735,success,4473.42312169075,192,358,seed353,True,True,False,False,False,False,
346,seed346,False,110.76346341418544,max_epochs,5933.385085821152,192,359,seed346,False,True,False,False,False,False,
349,seed349,False,25.134486027779054,max_epochs,6003.393074274063,192,360,seed349,False,True,True,False,False,True,
373,seed373,True,5.283038692001132,success,1475.9447321891785,193,361,seed373,True,True,False,False,False,False,
356,seed356,True,18.41633445136696,success,5613.42342209816,194,362,seed356,True,True,False,False,False,False,
354,seed354,False,107.59905539577323,max_epochs,5978.447682142258,194,363,seed354,False,True,False,False,False,False,
355,seed355,False,110.76821718541768,max_epochs,5967.100709915161,194,364,seed355,False,True,False,False,False,False,
364,seed364,True,16.996034181126976,success,4980.249415874481,195,365,seed364,True,True,True,False,False,True,
357,seed357,False,43.57472783744648,max_epochs,6021.036737203598,195,366,seed357,False,True,False,False,False,False,
378,seed378,True,16.178706196416947,success,2009.8969168663025,196,367,seed378,True,True,False,False,False,False,
361,seed361,False,31.65060790109626,max_epochs,5929.492290973663,196,368,seed361,False,True,False,False,False,False,
360,seed360,False,63.37725244640291,max_epochs,6060.688656330109,196,369,seed360,False,True,False,False,False,False,
372,seed372,True,19.806650934064024,success,3898.667716026306,197,370,seed372,True,True,True,False,False,True,
363,seed363,False,110.86812114040114,max_epochs,6324.508115768433,197,371,seed363,False,True,False,False,False,False,
375,seed375,True,14.068055190104168,success,3599.937363862992,198,372,seed375,True,True,True,False,False,True,
374,seed374,True,17.75766022235917,success,3940.585857391357,199,373,seed374,True,True,True,False,False,True,
368,seed368,False,110.64394515831192,max_epochs,6049.910328149796,199,374,seed368,False,True,False,False,False,False,
369,seed369,False,64.79528433351851,max_epochs,6041.950149536133,199,375,seed369,False,True,True,False,False,True,
387,seed387,True,13.940615214600992,success,1290.001844406128,200,376,seed387,True,True,True,False,False,True,
370,seed370,False,42.29093242357095,max_epochs,5976.4829976558685,200,377,seed370,False,True,False,False,False,False,
371,seed371,False,100.61991561580416,max_epochs,5976.934726715088,200,378,seed371,False,True,False,False,False,False,
385,seed385,True,16.003676402442295,success,2250.059338569641,201,379,seed385,True,True,True,False,False,True,
388,seed388,True,13.845117555167157,success,1784.112967967987,202,380,seed388,True,True,False,False,False,False,
386,seed386,True,18.143321370258988,success,2366.913479566574,203,381,seed386,True,True,True,False,False,True,
389,seed389,True,14.765710648898937,success,1611.569088935852,204,382,seed389,True,True,False,False,False,False,
391,seed391,True,13.403625924571084,success,2503.156400918961,205,383,seed391,True,True,False,False,False,False,
376,seed376,False,110.86436603412892,max_epochs,5832.1179411411285,205,384,seed376,False,True,False,False,False,False,
377,seed377,False,110.67469408708553,max_epochs,5862.1634023189545,205,385,seed377,False,True,False,False,False,False,
399,seed399,True,17.97790536791971,success,1441.5345695018768,206,386,seed399,True,True,False,False,False,False,
392,seed392,True,12.056868976566523,success,2576.762755155564,207,387,seed392,True,True,False,False,False,False,
379,seed379,True,19.68535696655579,success,5567.30637049675,208,388,seed379,True,True,True,False,False,True,
397,seed397,True,19.06369481951808,success,2493.705124616623,209,389,seed397,True,True,False,False,False,False,
380,seed380,False,110.81489414587898,max_epochs,5568.873403072357,209,390,seed380,False,True,False,False,False,False,
381,seed381,False,110.91354204914435,max_epochs,5344.895359754562,209,391,seed381,False,True,False,False,False,False,
398,seed398,True,19.64025810441593,success,2396.1499259471893,210,392,seed398,True,True,False,True,True,True,
383,seed383,False,106.43711422601729,max_epochs,5213.994591474533,210,393,seed383,False,True,False,False,False,False,
382,seed382,False,54.90956303712776,max_epochs,5314.605679988861,210,394,seed382,False,True,True,False,False,True,
384,seed384,False,110.71383249415317,max_epochs,5054.894388914108,210,395,seed384,False,True,False,False,False,False,
390,seed390,False,99.6991054648705,max_epochs,4198.584788560867,210,396,seed390,False,True,False,False,False,False,
393,seed393,False,88.92426698816618,max_epochs,3848.089335441589,210,397,seed393,False,True,False,False,False,False,
394,seed394,False,110.86722213358884,max_epochs,3732.785432815552,210,398,seed394,False,True,False,False,False,False,
395,seed395,False,33.79118328042731,max_epochs,3621.894188642502,210,399,seed395,False,True,True,False,False,True,
396,seed396,False,101.80253318275598,max_epochs,3647.029592037201,210,400,seed396,False,True,False,False,False,False,
