metricName,metricValue,timestamp,step,epoch,runContext,offset
Entropy: Batch,130.41404724121094,1784185532729,0,,,-3957937031842850172
Entropy: Batch,130.68881225585938,1784185632115,1,,,-3055330512701508773
Entropy: Batch,130.59837341308594,1784185722562,2,,,-6464148704523203136
Entropy: Batch,130.5845489501953,1784185811849,3,,,-5289973437476986586
Entropy: Batch,130.63320922851562,1784185899754,4,,,-4336002737540183077
Entropy: Batch,130.7564239501953,1784185991120,5,,,-4333357227931598291
Entropy: Batch,130.84951782226562,1784186099894,6,,,-4159071267879007611
Entropy: Batch,130.98179626464844,1784186192965,7,,,-4323029377299943923
Entropy: Batch,131.04612731933594,1784186287396,8,,,-7993654169080377336
Entropy: Batch,131.0546417236328,1784186380875,9,,,-6692179917169033072
Entropy: Batch,131.00502014160156,1784186472448,10,,,-370522212832947678
Entropy: Batch,130.99183654785156,1784186583061,11,,,-4997012602643161511
Entropy: Batch,131.01148986816406,1784186680320,12,,,-5096329854201335580
Entropy: Batch,130.99803161621094,1784186775013,13,,,-4775995059265449383
Entropy: Batch,130.98892211914062,1784186872704,14,,,-313500590361793409
Entropy: Batch,130.96238708496094,1784186974800,15,,,-4809806981080209891
Entropy: Batch,130.92138671875,1784187088840,16,,,-8867682414608584210
Entropy: Batch,130.87278747558594,1784187191964,17,,,-8692561726779519747
Entropy: Batch,130.7972869873047,1784187281265,18,,,-2526413154813747058
Entropy: Batch,130.68402099609375,1784187386857,19,,,-8670573114279096236
Entropy: Batch,130.53257751464844,1784187486115,20,,,-4486127276105087379
Entropy: Batch,130.3458709716797,1784187607685,21,,,-3955699599614279219
Entropy: Batch,130.07810974121094,1784187708122,22,,,-2491861554426128996
Entropy: Batch,129.68911743164062,1784187806312,23,,,-2572662027719846471
Entropy: Batch,129.14366149902344,1784187917737,24,,,-5708821713592830881
Entropy: Batch,128.39390563964844,1784188031963,25,,,-1579561355327416904
Entropy: Batch,127.3380126953125,1784188165489,26,,,-4019181164981108747
Entropy: Batch,125.8655776977539,1784188290590,27,,,-8733808233892489965
Entropy: Batch,123.9174575805664,1784188420854,28,,,-8425860096761029474
Entropy: Batch,122.40923309326172,1784188557817,29,,,-856633830793808412
Entropy: Batch,121.2740249633789,1784188700806,30,,,-4724536499247074338
Entropy: Batch,119.9497299194336,1784188857685,31,,,-8672569229890925196
Entropy: Batch,118.67435455322266,1784189010279,32,,,-1517320181105368558
Entropy: Batch,117.08338928222656,1784189166587,33,,,-6212784906471508452
Entropy: Batch,115.14751434326172,1784189326019,34,,,-3321304024644760543
Entropy: Batch,112.8989028930664,1784189493751,35,,,-8133014936688995170
Entropy: Batch,110.2752456665039,1784189680639,36,,,-8069538303648034222
Entropy: Batch,107.46351623535156,1784189859786,37,,,-3356168700904261397
Entropy: Batch,104.95112609863281,1784190041688,38,,,-8745848663708468809
Entropy: Batch,102.9218978881836,1784190226230,39,,,-7838440272289508662
Entropy: Batch,101.06092834472656,1784190408363,40,,,-7148773500651466429
Entropy: Batch,98.55720520019531,1784190605550,41,,,-3554034464651981779
Entropy: Batch,96.21688842773438,1784190796309,42,,,-1033901038208529573
Entropy: Batch,94.01798248291016,1784190991929,43,,,-2192390169234302730
Entropy: Batch,91.75428009033203,1784191186308,44,,,-419781995124159345
Entropy: Batch,89.6429672241211,1784191392009,45,,,-2086189589296587993
Entropy: Batch,86.98937225341797,1784191605556,46,,,-3837730625894950416
Entropy: Batch,84.86517333984375,1784191803765,47,,,-2260799623729991531
Entropy: Batch,82.43685150146484,1784192008960,48,,,-4466291461662558114
Entropy: Batch,80.0187759399414,1784192208281,49,,,-5436852407475346901
Entropy: Batch,78.21435546875,1784192415434,50,,,-3200030829254309173
Entropy: Batch,76.65709686279297,1784192638722,51,,,-458123611491160955
Entropy: Batch,74.9386978149414,1784192852334,52,,,-6566374788714431886
Entropy: Batch,73.31743621826172,1784193062120,53,,,-4125664185590523240
Entropy: Batch,71.21622467041016,1784193273378,54,,,-1037504670028677262
Entropy: Batch,69.58218383789062,1784193477072,55,,,-6837146021626169289
Entropy: Batch,67.91353607177734,1784193698371,56,,,-3388576284934398355
Entropy: Batch,66.43974304199219,1784193911861,57,,,-6403066802243876550
Entropy: Batch,65.18177032470703,1784194120950,58,,,-4887413031675366854
Entropy: Batch,63.730140686035156,1784194334466,59,,,-5270624509429075331
Entropy: Batch,62.9336051940918,1784194544483,60,,,-8694710626455467773
Entropy: Batch,61.83073806762695,1784194768389,61,,,-1502088468679524081
Entropy: Batch,60.593441009521484,1784194978338,62,,,-4215648559706346877
Entropy: Batch,59.60653305053711,1784195193299,63,,,-3267787902564535149
Entropy: Batch,58.78831100463867,1784195408915,64,,,-5642291494396289109
Entropy: Batch,57.06937789916992,1784195627485,65,,,-4515092747550482988
Entropy: Batch,55.61699295043945,1784195855137,66,,,-7799527688793566107
Entropy: Batch,54.5214958190918,1784196071449,67,,,-7872324616482102897
Entropy: Batch,53.601348876953125,1784196282472,68,,,-8192946875068454149
Entropy: Batch,52.64704513549805,1784196496661,69,,,-8280642380388564732
Entropy: Batch,51.7227897644043,1784196719367,70,,,-6085608609477335824
Entropy: Batch,50.960872650146484,1784196946716,71,,,-4599560617561334926
Entropy: Batch,50.13882064819336,1784197171908,72,,,-3677246841040824762
Entropy: Batch,49.7867431640625,1784197387883,73,,,-3898586271047266224
Entropy: Batch,49.06581115722656,1784197607062,74,,,-8833087017618290695
Entropy: Batch,48.55202865600586,1784197818152,75,,,-4204355922732609102
Entropy: Batch,47.952632904052734,1784198046553,76,,,-4330480636644377674
Entropy: Batch,47.01332473754883,1784198259274,77,,,-3768039895998183346
Entropy: Batch,46.474639892578125,1784198477851,78,,,-7428576866913544669
Entropy: Batch,45.969566345214844,1784198690947,79,,,-1678469348260497842
Entropy: Batch,45.32452392578125,1784198904523,80,,,-641311196279363987
Entropy: Batch,44.80727005004883,1784199132588,81,,,-913196496557703831
Entropy: Batch,44.6414680480957,1784199337466,82,,,-862461822188093728
Entropy: Batch,43.89579772949219,1784199546479,83,,,-2448612280188351407
Entropy: Batch,43.61896896362305,1784199758039,84,,,-2557233710248660141
Entropy: Batch,43.521175384521484,1784199966676,85,,,-8547028068157078562
Entropy: Batch,43.18620300292969,1784200188098,86,,,-4206998996795927555
Entropy: Batch,42.89698028564453,1784200393414,87,,,-8056035436877378617
Entropy: Batch,42.731754302978516,1784200605595,88,,,-1787658235532438201
Entropy: Batch,42.2747802734375,1784200818348,89,,,-952383774793505048
Entropy: Batch,42.058349609375,1784201029773,90,,,-2765011316428166181
Entropy: Batch,41.41645050048828,1784201252753,91,,,-7449712758205526541
Entropy: Batch,41.22654342651367,1784201472037,92,,,-5479823910586731368
Entropy: Batch,40.97576904296875,1784201687059,93,,,-5306960825730870523
Entropy: Batch,40.537940979003906,1784201902003,94,,,-8906932592228777559
Entropy: Batch,40.30825424194336,1784202111005,95,,,-5789413165738753096
Entropy: Batch,40.263526916503906,1784202340328,96,,,-2172811050109913000
Entropy: Batch,39.90212631225586,1784202554102,97,,,-2667842487042403390
Entropy: Batch,39.65496826171875,1784202769491,98,,,-9126728643766499821
Entropy: Batch,39.63838577270508,1784202985596,99,,,-785899754375139112
Entropy: Batch,39.58310317993164,1784203206692,100,,,-1192089874266260641
Entropy: Batch,39.31806182861328,1784203445589,101,,,-6064692171039838933
Entropy: Batch,39.1456298828125,1784203662333,102,,,-3987799365598950959
Entropy: Batch,39.015316009521484,1784203876216,103,,,-2296483991272346462
Entropy: Batch,38.792903900146484,1784204105826,104,,,-3665272198320828467
Entropy: Batch,38.686431884765625,1784204323503,105,,,-6296629890215113689
Entropy: Batch,38.77891159057617,1784204556472,106,,,-637169612598273435
Entropy: Batch,38.31708908081055,1784204778262,107,,,-939689346363380227
Entropy: Batch,38.179264068603516,1784204996180,108,,,-1851847889150400405
Entropy: Batch,37.992523193359375,1784205215633,109,,,-6010074780112217197
Entropy: Batch,38.00495910644531,1784205424722,110,,,-5917614677505683508
Entropy: Batch,37.79111862182617,1784205663257,111,,,-4373381034516072371
Entropy: Batch,37.61157989501953,1784205887221,112,,,-2349818414566866754
Entropy: Batch,37.49375534057617,1784206103548,113,,,-4340853973771999797
Entropy: Batch,37.46870803833008,1784206320886,114,,,-6284157237535476934
Entropy: Batch,37.37377166748047,1784206542311,115,,,-6374785649000683941
Entropy: Batch,37.123844146728516,1784206782194,116,,,-2218790606832528974
Entropy: Batch,36.9031982421875,1784206991855,117,,,-8361880917638467472
Entropy: Batch,36.882080078125,1784207202588,118,,,-4329998413610207488
Entropy: Batch,36.931190490722656,1784207427284,119,,,-294772840660018295
Entropy: Batch,36.799381256103516,1784207645276,120,,,-3956810838829477031
Entropy: Batch,36.83014678955078,1784207871505,121,,,-2852340952118506179
Entropy: Batch,36.73720169067383,1784208082101,122,,,-6176495313342024089
Entropy: Batch,36.897491455078125,1784208308934,123,,,-7243152216628733396
Entropy: Batch,37.07514190673828,1784208516426,124,,,-369971224380229996
Entropy: Batch,37.12156295776367,1784208729907,125,,,-3658395932526840897
Entropy: Batch,37.19065475463867,1784208957583,126,,,-703056329408043859
Entropy: Batch,37.2692756652832,1784209171523,127,,,-800035802973845440
Entropy: Batch,37.3355598449707,1784209375837,128,,,-1434642991494787146
Entropy: Batch,37.55929183959961,1784209587548,129,,,-7884732426392970837
Entropy: Batch,37.4841423034668,1784209794355,130,,,-7128422777497927300
Entropy: Batch,37.56624984741211,1784210015998,131,,,-8401267178007606778
Entropy: Batch,37.460296630859375,1784210225331,132,,,-7706458094336251238
Entropy: Batch,37.59611129760742,1784210439736,133,,,-5778982521289217816
Entropy: Batch,37.662540435791016,1784210655002,134,,,-1058250664723686402
Entropy: Batch,37.507686614990234,1784210864480,135,,,-2526120668957729106
Entropy: Batch,37.47917175292969,1784211089154,136,,,-2825501819358885995
Entropy: Batch,37.55784225463867,1784211306211,137,,,-3959787059827651729
Entropy: Batch,37.614013671875,1784211525094,138,,,-6457066597196837233
Entropy: Batch,37.48663330078125,1784211750893,139,,,-8426395479492494687
Entropy: Batch,37.58236312866211,1784211998485,140,,,-5506873333526570132
Entropy: Batch,37.733192443847656,1784212267747,141,,,-7069743792305216132
Entropy: Batch,37.85254669189453,1784212514394,142,,,-9010294277532900302
Entropy: Batch,37.73310089111328,1784212764343,143,,,-8125818993121527440
Entropy: Batch,37.7872314453125,1784213010253,144,,,-3256127975168564925
Entropy: Batch,37.91057205200195,1784213252791,145,,,-5520952893203610897
Entropy: Batch,38.0172004699707,1784213522654,146,,,-1674642975383643552
Entropy: Batch,38.217403411865234,1784213777910,147,,,-4690834916017902734
Entropy: Batch,38.119808197021484,1784214042619,148,,,-8717119043960606890
Entropy: Batch,38.20565414428711,1784214296265,149,,,-8774861417902579757
Entropy: Batch,38.157875061035156,1784214557123,150,,,-1787206501400755533
Entropy: Batch,38.1067008972168,1784214830380,151,,,-126761040260633024
Entropy: Batch,38.21456527709961,1784215100390,152,,,-5175079753025785005
Entropy: Batch,38.165584564208984,1784215360216,153,,,-5749122321089243815
Entropy: Batch,38.222450256347656,1784215599303,154,,,-6475260451540896722
Entropy: Batch,38.32023239135742,1784215840030,155,,,-3863630999331282324
Entropy: Batch,38.32257843017578,1784216089513,156,,,-6896055836214224555
Entropy: Batch,38.17060470581055,1784216327739,157,,,-4698866381844253976
Entropy: Batch,38.16450500488281,1784216567085,158,,,-7584440026296872591
Entropy: Batch,37.9463005065918,1784216811125,159,,,-3285382959631264666
Entropy: Batch,37.84797668457031,1784217055451,160,,,-1890053227129680242
Entropy: Batch,37.58373260498047,1784217317719,161,,,-7730322080600335050
Entropy: Batch,37.293128967285156,1784217561676,162,,,-2233808172044708816
Entropy: Batch,37.09909439086914,1784217812015,163,,,-2419282028735243363
Entropy: Batch,36.70011520385742,1784218061406,164,,,-4074736742791791533
Entropy: Batch,36.62459182739258,1784218309617,165,,,-7956743880471238117
Entropy: Batch,36.50954818725586,1784218574013,166,,,-2178852608872995244
Entropy: Batch,36.266029357910156,1784218825417,167,,,-8176208501445288663
Entropy: Batch,36.18496322631836,1784219076353,168,,,-2662835844037073547
Entropy: Batch,35.94551467895508,1784219324086,169,,,-5556329794796874316
Entropy: Batch,35.8835563659668,1784219574268,170,,,-5432963539760550427
Entropy: Batch,35.606666564941406,1784219844852,171,,,-6789476633908730412
Entropy: Batch,35.5205078125,1784220094807,172,,,-8386377782953288664
Entropy: Batch,35.293312072753906,1784220345321,173,,,-8170123388491238021
Entropy: Batch,35.26863479614258,1784220603221,174,,,-4460276801978427678
Entropy: Batch,35.045631408691406,1784220861376,175,,,-8169204554038080621
Entropy: Batch,34.70016098022461,1784221131999,176,,,-6603303230460873962
Entropy: Batch,34.691829681396484,1784221393864,177,,,-4868533667858488136
Entropy: Batch,34.64744186401367,1784221647238,178,,,-7590236140810439961
Entropy: Batch,34.49638748168945,1784221903905,179,,,-818297382454557798
Entropy: Batch,34.50112533569336,1784222158672,180,,,-3796298308637038693
Entropy: Batch,34.189300537109375,1784222431717,181,,,-2374238794933210383
Entropy: Batch,34.069252014160156,1784222687973,182,,,-4400235251423058634
Entropy: Batch,33.94295883178711,1784222938772,183,,,-387254401030856645
Entropy: Batch,33.699031829833984,1784223200203,184,,,-2600537945480250833
Entropy: Batch,33.551692962646484,1784223460239,185,,,-4991160734664472648
Entropy: Batch,33.2778205871582,1784223731721,186,,,-3520555189114457082
Entropy: Batch,33.147464752197266,1784223984669,187,,,-660115756264164793
Entropy: Batch,32.783512115478516,1784224244351,188,,,-1435326136730624025
Entropy: Batch,32.7068977355957,1784224498408,189,,,-1730973826301941794
Entropy: Batch,32.56761169433594,1784224760629,190,,,-1479801684128646161
Entropy: Batch,32.22141647338867,1784225037182,191,,,-6574353329832956708
Entropy: Batch,32.16454315185547,1784225299892,192,,,-7776875167611261220
Entropy: Batch,32.052833557128906,1784225559549,193,,,-8673057711444384844
Entropy: Batch,31.855398178100586,1784225816614,194,,,-8613910958846063504
Entropy: Batch,31.76089859008789,1784226078313,195,,,-1810422889136049428
Entropy: Batch,31.697113037109375,1784226343181,196,,,-7731046848076553033
Entropy: Batch,31.474700927734375,1784226597414,197,,,-613842502243297293
Entropy: Batch,31.481098175048828,1784226851760,198,,,-1977241664722769285
Entropy: Batch,31.382482528686523,1784227100804,199,,,-5951607876868893020
Entropy: Batch,31.4397029876709,1784227358050,200,,,-7567754538897881912
Entropy: Batch,31.635040283203125,1784227623846,201,,,-509083301696039712
Entropy: Batch,31.60051918029785,1784227880624,202,,,-2334868569524049213
Entropy: Batch,31.6767520904541,1784228132905,203,,,-4178769219953160799
Entropy: Batch,31.582263946533203,1784228385595,204,,,-5363435492935573437
Entropy: Batch,31.566909790039062,1784228646417,205,,,-8993098558105765866
Entropy: Batch,31.64631462097168,1784228918540,206,,,-2320174411972211150
Entropy: Batch,31.63088035583496,1784229172169,207,,,-3437672976303310191
Entropy: Batch,31.65625,1784229423565,208,,,-7353496347373372279
Entropy: Batch,31.683420181274414,1784229689440,209,,,-4131819919658103765
Entropy: Batch,31.64691162109375,1784229955460,210,,,-3325490680269442337
Entropy: Batch,31.531824111938477,1784230228653,211,,,-5992877575991670992
Entropy: Batch,31.46124267578125,1784230496127,212,,,-746099066041945451
Entropy: Batch,31.37296485900879,1784230760666,213,,,-8757046910113322039
Entropy: Batch,31.3461971282959,1784231023935,214,,,-6393507929869055261
Entropy: Batch,31.231565475463867,1784231284976,215,,,-4533162184225521682
Entropy: Batch,31.3674373626709,1784231568848,216,,,-6405840012254084007
Entropy: Batch,31.214862823486328,1784231832220,217,,,-4027641735022588948
Entropy: Batch,31.17268943786621,1784232099789,218,,,-2251470646989036284
Entropy: Batch,31.16314697265625,1784232372535,219,,,-2165084484932638417
Entropy: Batch,31.1638126373291,1784232638896,220,,,-1305200383211881807
Entropy: Batch,31.097412109375,1784232924262,221,,,-3636490506601207189
Entropy: Batch,31.129812240600586,1784233188295,222,,,-2625648519240621962
Entropy: Batch,31.054105758666992,1784233457442,223,,,-8910500912971195891
Entropy: Batch,30.943090438842773,1784233736822,224,,,-2607589894744619918
Entropy: Batch,30.844568252563477,1784234015611,225,,,-734734779501883524
Entropy: Batch,30.873361587524414,1784234304474,226,,,-92717716225707915
Entropy: Batch,30.906728744506836,1784234575178,227,,,-6418464083397674983
Entropy: Batch,30.861520767211914,1784234844536,228,,,-7795847598965503239
Entropy: Batch,30.863452911376953,1784235117121,229,,,-8679616663943869309
Entropy: Batch,30.67730712890625,1784235388488,230,,,-8080238173819804934
Entropy: Batch,30.604516983032227,1784235672825,231,,,-347047641842437431
Entropy: Batch,30.331579208374023,1784235948289,232,,,-8499759296279196092
Entropy: Batch,30.28993034362793,1784236223227,233,,,-3693149797687392600
Entropy: Batch,30.39063835144043,1784236492449,234,,,-5020937886433682385
Entropy: Batch,30.327808380126953,1784236762916,235,,,-8319455669572283195
Entropy: Batch,30.4511775970459,1784237039786,236,,,-2471331022132971161
Entropy: Batch,30.40510368347168,1784237309345,237,,,-6963131034453036974
Entropy: Batch,30.426794052124023,1784237586083,238,,,-3578709657229492553
Entropy: Batch,30.4459285736084,1784237851361,239,,,-7486124705713884498
Entropy: Batch,30.4728946685791,1784238123396,240,,,-3301712114413329055
Entropy: Batch,30.542804718017578,1784238398214,241,,,-3534569191606789811
Entropy: Batch,30.49555015563965,1784238656910,242,,,-5675302715698514464
Entropy: Batch,30.457416534423828,1784238929001,243,,,-2393425654543994084
Entropy: Batch,30.35796546936035,1784239197430,244,,,-290879838989527172
Entropy: Batch,30.5019474029541,1784239470415,245,,,-8274771526803732349
Entropy: Batch,30.316577911376953,1784239749850,246,,,-8104177821928063926
Entropy: Batch,30.448575973510742,1784240015499,247,,,-7128092304259507469
Entropy: Batch,30.337255477905273,1784240282234,248,,,-6915647660254015118
Entropy: Batch,30.368200302124023,1784240553257,249,,,-2075988242136245415
Entropy: Batch,30.364362716674805,1784240818141,250,,,-8648085029847427709
Entropy: Batch,30.265491485595703,1784241104258,251,,,-7064950912901499597
Entropy: Batch,30.309240341186523,1784241373513,252,,,-3002253563735251539
Entropy: Batch,30.330480575561523,1784241641872,253,,,-4143215209183659587
Entropy: Batch,30.3649845123291,1784241911871,254,,,-899262633935948273
Entropy: Batch,30.324121475219727,1784242187810,255,,,-8317990935995095460
Entropy: Batch,30.32171630859375,1784242472380,256,,,-4625543700985872231
Entropy: Batch,30.184070587158203,1784242744443,257,,,-1665057578497167478
Entropy: Batch,30.202634811401367,1784243021518,258,,,-9003806310438869153
Entropy: Batch,30.116933822631836,1784243294395,259,,,-110658913359088957
Entropy: Batch,30.215438842773438,1784243563813,260,,,-4469843648600609610
Entropy: Batch,30.12814712524414,1784243851231,261,,,-5955144593334847594
Entropy: Batch,30.10959243774414,1784244123271,262,,,-5719702765492480699
Entropy: Batch,30.1054630279541,1784244392591,263,,,-7840712476344155570
Entropy: Batch,30.1206111907959,1784244656293,264,,,-5002312070966409765
Entropy: Batch,30.04788589477539,1784244923839,265,,,-8820914885744337900
Entropy: Batch,30.13128662109375,1784245208268,266,,,-5592343993128516714
Entropy: Batch,29.934803009033203,1784245482258,267,,,-468557532988961223
Entropy: Batch,29.85602378845215,1784245747504,268,,,-5254561617452813827
Entropy: Batch,29.834613800048828,1784246018887,269,,,-3931750350317655001
Entropy: Batch,29.728429794311523,1784246287826,270,,,-2424659700444137880
Entropy: Batch,29.613006591796875,1784246569551,271,,,-6185422675384415423
Entropy: Batch,29.51523780822754,1784246838320,272,,,-1904276240404760987
Entropy: Batch,29.508544921875,1784247100480,273,,,-1947145653334722736
Entropy: Batch,29.369415283203125,1784247367584,274,,,-7597344352796274790
Entropy: Batch,29.271942138671875,1784247638076,275,,,-28924063111916978
Entropy: Batch,29.19247817993164,1784247924346,276,,,-3766975540573470611
Entropy: Batch,29.29248046875,1784248193579,277,,,-875396206443801421
Entropy: Batch,29.05889320373535,1784248463510,278,,,-7600634612136195171
Entropy: Batch,28.991636276245117,1784248736565,279,,,-4656020388248252051
Entropy: Batch,28.915735244750977,1784249002822,280,,,-7073831693262479473
Entropy: Batch,28.844654083251953,1784249291251,281,,,-4178063483206752707
Entropy: Batch,28.802005767822266,1784249560778,282,,,-8935998579897411126
Entropy: Batch,28.828571319580078,1784249829367,283,,,-887939745463491294
Entropy: Batch,28.83368492126465,1784250103365,284,,,-1950431540869703251
Entropy: Batch,28.87733268737793,1784250371677,285,,,-1914041664015550613
Entropy: Batch,28.77908706665039,1784250664775,286,,,-9106271671171255575
Entropy: Batch,28.73518180847168,1784250932950,287,,,-6749353630036154974
Entropy: Batch,28.80059814453125,1784251210564,288,,,-6542538648195187448
Entropy: Batch,28.823999404907227,1784251486639,289,,,-1199398472857922616
Entropy: Batch,28.8089656829834,1784251756611,290,,,-2421118345019725724
Entropy: Batch,28.9334659576416,1784252041338,291,,,-6060478112326343854
Entropy: Batch,29.00908851623535,1784252307863,292,,,-6141929321555352301
Entropy: Batch,28.862096786499023,1784252579799,293,,,-296013956404487550
Entropy: Batch,28.89959144592285,1784252856928,294,,,-3426685721446017142
Entropy: Batch,28.68903160095215,1784253128416,295,,,-4617124591497067593
Entropy: Batch,28.660436630249023,1784253416773,296,,,-326090364245267330
Entropy: Batch,28.702259063720703,1784253682379,297,,,-3602043037606250898
Entropy: Batch,28.5804500579834,1784253949224,298,,,-6680869974195381033
Entropy: Batch,28.51665687561035,1784254218376,299,,,-170400697443105919
Entropy: Batch,28.43971061706543,1784254484981,300,,,-2405517022950588057
